normalized_term,source_types,source_storefronts,source_platforms,source_record_counts,source_sweep_status,kickstart_rows,kickstart_current_ranks,kickstart_rank_trends,kickstart_difficulty_scores,kickstart_entry_barrier_scores,kickstart_evidence_window,apple_ads_query_countries,apple_ads_monthly_window,apple_ads_monthly_coverage,apple_ads_monthly_max_popularity_1to100,apple_ads_monthly_max_popularity_1to5,apple_ads_monthly_max_countries,apple_ads_monthly_max_genres,apple_ads_monthly_genres_reportable,apple_ads_monthly_reportable,apple_ads_weekly_window,apple_ads_weekly_coverage,apple_ads_weekly_max_popularity_1to100,apple_ads_weekly_max_popularity_1to5,apple_ads_weekly_max_countries,apple_ads_weekly_max_genres,apple_ads_weekly_genres_reportable,apple_ads_weekly_reportable,intent_fit_evidence,storefront_search_evidence,title_context,proposed_en_us_keyword_pack,proposed_pack_status,final_decision,rationale_caveat,evidence_date,source_artifacts
ausweiskarte speichern,FR_DE_GB_search_candidate,DE,iOS,FR_DE_GB_search_candidate=1,not-source-current-pending,null,null,null,null,null,null,US;GB;IN;CA;AU;DE;FR,2026-07-01..2026-07-31 UTC,US=below-reporting-coverage;GB=below-reporting-coverage;IN=below-reporting-coverage;CA=below-reporting-coverage;AU=below-reporting-coverage;DE=below-reporting-coverage;FR=below-reporting-coverage,null,null,null,null,null,null,2026-08-16..2026-08-22 UTC,US=below-reporting-coverage;GB=below-reporting-coverage;IN=below-reporting-coverage;CA=below-reporting-coverage;AU=below-reporting-coverage;DE=below-reporting-coverage;FR=below-reporting-coverage,null,null,null,null,null,null,DE intent=ID/high; label=easy-demand-unknown,DE public supply=3; difficulty=2; barrier=0; Holder=unranked,Offline Card Vault: Holder,"secure,keychain,biometric,storage,keeper,wallet,credit,debit,membership,loyalty,insurance,organizer",not-in-proposed-pack,localized-test-after-native-review,"relevant localized storage or card workflow candidate, but the machine-assisted phrasing needs native review and sparse supply is not demand. DE public supply=3; difficulty=2; barrier=0; Holder=unranked. Apple Ads monthly/weekly below-reporting-coverage across the queried countries; no popularity value is imputed for missing coverage.",2026-08-26,apple-ads/popularity-by-input.csv;apple-ads/popularity.normalized.json;europe/keyword-matrix.csv
bank card vault,Kickstart,US,iOS,Kickstart=1,not-source-current-pending,US/iOS:22,US/iOS=unranked,US/iOS=no rank history,US/iOS=4/5,US/iOS=5/5,null,US;GB;IN;CA;AU;DE;FR,2026-07-01..2026-07-31 UTC,US=below-reporting-coverage;GB=below-reporting-coverage;IN=below-reporting-coverage;CA=below-reporting-coverage;AU=below-reporting-coverage;DE=below-reporting-coverage;FR=below-reporting-coverage,null,null,null,null,null,null,2026-08-16..2026-08-22 UTC,US=below-reporting-coverage;GB=below-reporting-coverage;IN=below-reporting-coverage;CA=below-reporting-coverage;AU=below-reporting-coverage;DE=below-reporting-coverage;FR=below-reporting-coverage,null,null,null,null,null,null,Kickstart US/iOS: Bank/payment-card vault intent; relevant but may imply banking,null,Offline Card Vault: Holder,"secure,keychain,biometric,storage,keeper,wallet,credit,debit,membership,loyalty,insurance,organizer",not-in-proposed-pack,reject,banking and issuer intent can pull the listing away from Holder’s private card-details use case. Apple Ads monthly/weekly below-reporting-coverage across the queried countries; no popularity value is imputed for missing coverage.,2026-08-26,apple-ads/popularity-by-input.csv;apple-ads/popularity.normalized.json;kickstart/holder_keywords.json
bankkarten speichern,FR_DE_GB_search_candidate,DE,iOS,FR_DE_GB_search_candidate=1,not-source-current-pending,null,null,null,null,null,null,US;GB;IN;CA;AU;DE;FR,2026-07-01..2026-07-31 UTC,US=below-reporting-coverage;GB=below-reporting-coverage;IN=below-reporting-coverage;CA=below-reporting-coverage;AU=below-reporting-coverage;DE=below-reporting-coverage;FR=below-reporting-coverage,null,null,null,null,null,null,2026-08-16..2026-08-22 UTC,US=below-reporting-coverage;GB=below-reporting-coverage;IN=below-reporting-coverage;CA=below-reporting-coverage;AU=below-reporting-coverage;DE=below-reporting-coverage;FR=below-reporting-coverage,null,null,null,null,null,null,DE intent=credit/debit/high; label=easy-demand-unknown,DE public supply=5; difficulty=3; barrier=0; Holder=unranked,Offline Card Vault: Holder,"secure,keychain,biometric,storage,keeper,wallet,credit,debit,membership,loyalty,insurance,organizer",not-in-proposed-pack,localized-test-after-native-review,"relevant localized storage or card workflow candidate, but the machine-assisted phrasing needs native review and sparse supply is not demand. DE public supply=5; difficulty=3; barrier=0; Holder=unranked. Apple Ads monthly/weekly below-reporting-coverage across the queried countries; no popularity value is imputed for missing coverage.",2026-08-26,apple-ads/popularity-by-input.csv;apple-ads/popularity.normalized.json;europe/keyword-matrix.csv
biometric,current_pending_en-US;Kickstart,US,iOS,current_pending_en-US=1;Kickstart=1,source-current-pending-en-US,US/iOS:23,US/iOS=unranked,US/iOS=no rank history,US/iOS=1/5,US/iOS=2/5,null,US;GB;IN;CA;AU;DE;FR,2026-07-01..2026-07-31 UTC,US=below-reporting-coverage;GB=below-reporting-coverage;IN=below-reporting-coverage;CA=below-reporting-coverage;AU=below-reporting-coverage;DE=below-reporting-coverage;FR=below-reporting-coverage,null,null,null,null,null,null,2026-08-16..2026-08-22 UTC,US=below-reporting-coverage;GB=below-reporting-coverage;IN=below-reporting-coverage;CA=below-reporting-coverage;AU=below-reporting-coverage;DE=below-reporting-coverage;FR=below-reporting-coverage,null,null,null,null,null,null,Kickstart US/iOS: Broad or ambiguous single-term intent;source current pending en-US keyword field,null,Offline Card Vault: Holder,"secure,keychain,biometric,storage,keeper,wallet,credit,debit,membership,loyalty,insurance,organizer",in-proposed-pack,keyword-keep,fits the proposed token pack and Holder’s supported card-storage story; missing popularity is not zero demand. Apple Ads monthly/weekly below-reporting-coverage across the queried countries; no popularity value is imputed for missing coverage.,2026-08-26,apple-ads/popularity-by-input.csv;apple-ads/popularity.normalized.json;kickstart/holder_keywords.json
biometric card vault,Kickstart,US,iOS,Kickstart=1,not-source-current-pending,US/iOS:24,US/iOS=#3,"US/iOS=#5->#3 (refreshed 2026-08-26; +2 vs earlier #4 snapshot; original window 2026-08-01..2026-08-26; snapshot delta, not daily trend)",US/iOS=3/5,US/iOS=4/5,2026-08-01..2026-08-26,US;GB;IN;CA;AU;DE;FR,2026-07-01..2026-07-31 UTC,US=below-reporting-coverage;GB=below-reporting-coverage;IN=below-reporting-coverage;CA=below-reporting-coverage;AU=below-reporting-coverage;DE=below-reporting-coverage;FR=below-reporting-coverage,null,null,null,null,null,null,2026-08-16..2026-08-22 UTC,US=below-reporting-coverage;GB=below-reporting-coverage;IN=below-reporting-coverage;CA=below-reporting-coverage;AU=below-reporting-coverage;DE=below-reporting-coverage;FR=below-reporting-coverage,null,null,null,null,null,null,Kickstart US/iOS: Secure/offline card-vault intent; strong product fit,null,Offline Card Vault: Holder,"secure,keychain,biometric,storage,keeper,wallet,credit,debit,membership,loyalty,insurance,organizer",not-in-proposed-pack,monitor,"Fresh Kickstart recheck on 2026-08-26 returned US/iOS #3 among 180 ranked apps, superseding the earlier #4 snapshot; original visible window was 2026-08-01..2026-08-26 and the #5->#3 change is a snapshot delta, not a daily trend. Keep monitoring the defend-set phrase without changing the proposed pack. Difficulty=3/5 (53/100); barrier=4/5 (66/100). Apple Ads monthly/weekly below-reporting-coverage across the queried countries; no popularity value is imputed for missing coverage.",2026-08-26,apple-ads/popularity-by-input.csv;apple-ads/popularity.normalized.json;kickstart/check_keyword_rankings_live_2026-08-26;kickstart/holder_keywords.json
biometric card wallet,US_search_candidate,US,iOS,US_search_candidate=1,not-source-current-pending,null,null,null,null,null,null,US;GB;IN;CA;AU;DE;FR,2026-07-01..2026-07-31 UTC,US=below-reporting-coverage;GB=below-reporting-coverage;IN=below-reporting-coverage;CA=below-reporting-coverage;AU=below-reporting-coverage;DE=below-reporting-coverage;FR=below-reporting-coverage,null,null,null,null,null,null,2026-08-16..2026-08-22 UTC,US=below-reporting-coverage;GB=below-reporting-coverage;IN=below-reporting-coverage;CA=below-reporting-coverage;AU=below-reporting-coverage;DE=below-reporting-coverage;FR=below-reporting-coverage,null,null,null,null,null,null,US search=biometric_vault/high; role=direct,US public supply=46; Holder=unranked,Offline Card Vault: Holder,"secure,keychain,biometric,storage,keeper,wallet,credit,debit,membership,loyalty,insurance,organizer",not-in-proposed-pack,keyword-test,"plausible future discovery candidate with product fit, but current evidence is not enough to add it to the full 99-byte pack. US public supply=46; Holder=unranked. Apple Ads monthly/weekly below-reporting-coverage across the queried countries; no popularity value is imputed for missing coverage.",2026-08-26,apple-ads/popularity-by-input.csv;apple-ads/popularity.normalized.json;us/query-matrix.json
biometriclock,Kickstart,US;IN,iOS;macOS,Kickstart=3,not-source-current-pending,US/iOS:26;US/macOS:27;IN/iOS:25,US/iOS=unranked;US/macOS=#5;IN/iOS=#1,US/iOS=no rank history;US/macOS=#6->#5 (improved; 2026-07-30..2026-08-26);IN/iOS=#1->#1 (unchanged; 2026-07-30..2026-08-26),US/iOS=3/5;US/macOS=2/5;IN/iOS=1/5,US/iOS=4/5;US/macOS=1/5;IN/iOS=1/5,2026-07-30..2026-08-26,US;GB;IN;CA;AU;DE;FR,2026-07-01..2026-07-31 UTC,US=below-reporting-coverage;GB=below-reporting-coverage;IN=below-reporting-coverage;CA=below-reporting-coverage;AU=below-reporting-coverage;DE=below-reporting-coverage;FR=below-reporting-coverage,null,null,null,null,null,null,2026-08-16..2026-08-22 UTC,US=below-reporting-coverage;GB=below-reporting-coverage;IN=below-reporting-coverage;CA=below-reporting-coverage;AU=below-reporting-coverage;DE=below-reporting-coverage;FR=below-reporting-coverage,null,null,null,null,null,null,Kickstart IN/iOS: Secure/offline card-vault intent; strong product fit;Kickstart US/iOS: Secure/offline card-vault intent; strong product fit;Kickstart US/macOS: Secure/offline card-vault intent; strong product fit,null,Offline Card Vault: Holder,"secure,keychain,biometric,storage,keeper,wallet,credit,debit,membership,loyalty,insurance,organizer",not-in-proposed-pack,monitor,retain as a tracked signal without changing the proposed pack; rank or adjacent intent is informative but not a demand measure. Apple Ads monthly/weekly below-reporting-coverage across the queried countries; no popularity value is imputed for missing coverage.,2026-08-26,apple-ads/popularity-by-input.csv;apple-ads/popularity.normalized.json;kickstart/holder_keywords.json
bonuskarte speichern,FR_DE_GB_search_candidate,DE,iOS,FR_DE_GB_search_candidate=1,not-source-current-pending,null,null,null,null,null,null,US;GB;IN;CA;AU;DE;FR,2026-07-01..2026-07-31 UTC,US=below-reporting-coverage;GB=below-reporting-coverage;IN=below-reporting-coverage;CA=below-reporting-coverage;AU=below-reporting-coverage;DE=below-reporting-coverage;FR=below-reporting-coverage,null,null,null,null,null,null,2026-08-16..2026-08-22 UTC,US=below-reporting-coverage;GB=below-reporting-coverage;IN=below-reporting-coverage;CA=below-reporting-coverage;AU=below-reporting-coverage;DE=below-reporting-coverage;FR=below-reporting-coverage,null,null,null,null,null,null,DE intent=membership/loyalty/medium; label=easy-demand-unknown,DE public supply=4; difficulty=2; barrier=0; Holder=unranked,Offline Card Vault: Holder,"secure,keychain,biometric,storage,keeper,wallet,credit,debit,membership,loyalty,insurance,organizer",not-in-proposed-pack,localized-test-after-native-review,"relevant localized storage or card workflow candidate, but the machine-assisted phrasing needs native review and sparse supply is not demand. DE public supply=4; difficulty=2; barrier=0; Holder=unranked. Apple Ads monthly/weekly below-reporting-coverage across the queried countries; no popularity value is imputed for missing coverage.",2026-08-26,apple-ads/popularity-by-input.csv;apple-ads/popularity.normalized.json;europe/keyword-matrix.csv
card cvv wallet,Kickstart,US,iOS,Kickstart=1,not-source-current-pending,US/iOS:28,US/iOS=unranked,US/iOS=no rank history,US/iOS=4/5,US/iOS=5/5,null,US;GB;IN;CA;AU;DE;FR,2026-07-01..2026-07-31 UTC,US=below-reporting-coverage;GB=below-reporting-coverage;IN=below-reporting-coverage;CA=below-reporting-coverage;AU=below-reporting-coverage;DE=below-reporting-coverage;FR=below-reporting-coverage,null,null,null,null,null,null,2026-08-16..2026-08-22 UTC,US=below-reporting-coverage;GB=below-reporting-coverage;IN=below-reporting-coverage;CA=below-reporting-coverage;AU=below-reporting-coverage;DE=below-reporting-coverage;FR=below-reporting-coverage,null,null,null,null,null,null,Kickstart US/iOS: Payment-card credential storage intent; sensitive-field wording,null,Offline Card Vault: Holder,"secure,keychain,biometric,storage,keeper,wallet,credit,debit,membership,loyalty,insurance,organizer",not-in-proposed-pack,conversion-copy,"useful benefit or feature language for screenshots, promotional text, or description rather than a primary discovery target. Apple Ads monthly/weekly below-reporting-coverage across the queried countries; no popularity value is imputed for missing coverage.",2026-08-26,apple-ads/popularity-by-input.csv;apple-ads/popularity.normalized.json;kickstart/holder_keywords.json
card data vault,Kickstart,US,iOS,Kickstart=1,not-source-current-pending,US/iOS:29,US/iOS=#181,US/iOS=#181->#181 (unchanged; 2026-08-01..2026-08-26),US/iOS=4/5,US/iOS=3/5,2026-08-01..2026-08-26,US;GB;IN;CA;AU;DE;FR,2026-07-01..2026-07-31 UTC,US=below-reporting-coverage;GB=below-reporting-coverage;IN=below-reporting-coverage;CA=below-reporting-coverage;AU=below-reporting-coverage;DE=below-reporting-coverage;FR=below-reporting-coverage,null,null,null,null,null,null,2026-08-16..2026-08-22 UTC,US=below-reporting-coverage;GB=below-reporting-coverage;IN=below-reporting-coverage;CA=below-reporting-coverage;AU=below-reporting-coverage;DE=below-reporting-coverage;FR=below-reporting-coverage,null,null,null,null,null,null,Kickstart US/iOS: Generic card-management intent,null,Offline Card Vault: Holder,"secure,keychain,biometric,storage,keeper,wallet,credit,debit,membership,loyalty,insurance,organizer",not-in-proposed-pack,monitor,retain as a tracked signal without changing the proposed pack; rank or adjacent intent is informative but not a demand measure. Apple Ads monthly/weekly below-reporting-coverage across the queried countries; no popularity value is imputed for missing coverage.,2026-08-26,apple-ads/popularity-by-input.csv;apple-ads/popularity.normalized.json;kickstart/holder_keywords.json
card details face id,US_search_candidate,US,iOS,US_search_candidate=1,not-source-current-pending,null,null,null,null,null,null,US;GB;IN;CA;AU;DE;FR,2026-07-01..2026-07-31 UTC,US=below-reporting-coverage;GB=below-reporting-coverage;IN=below-reporting-coverage;CA=below-reporting-coverage;AU=below-reporting-coverage;DE=below-reporting-coverage;FR=below-reporting-coverage,null,null,null,null,null,null,2026-08-16..2026-08-22 UTC,US=below-reporting-coverage;GB=below-reporting-coverage;IN=below-reporting-coverage;CA=below-reporting-coverage;AU=below-reporting-coverage;DE=below-reporting-coverage;FR=below-reporting-coverage,null,null,null,null,null,null,US search=compound/high; role=direct,US public supply=45; Holder=unranked,Offline Card Vault: Holder,"secure,keychain,biometric,storage,keeper,wallet,credit,debit,membership,loyalty,insurance,organizer",not-in-proposed-pack,conversion-copy,"useful benefit or feature language for screenshots, promotional text, or description rather than a primary discovery target. US public supply=45; Holder=unranked. Apple Ads monthly/weekly below-reporting-coverage across the queried countries; no popularity value is imputed for missing coverage.",2026-08-26,apple-ads/popularity-by-input.csv;apple-ads/popularity.normalized.json;us/query-matrix.json
card details vault,Kickstart,US,iOS,Kickstart=1,not-source-current-pending,US/iOS:30,US/iOS=unranked,US/iOS=no rank history,US/iOS=4/5,US/iOS=3/5,null,US;GB;IN;CA;AU;DE;FR,2026-07-01..2026-07-31 UTC,US=below-reporting-coverage;GB=below-reporting-coverage;IN=below-reporting-coverage;CA=below-reporting-coverage;AU=below-reporting-coverage;DE=below-reporting-coverage;FR=below-reporting-coverage,null,null,null,null,null,null,2026-08-16..2026-08-22 UTC,US=below-reporting-coverage;GB=below-reporting-coverage;IN=below-reporting-coverage;CA=below-reporting-coverage;AU=below-reporting-coverage;DE=below-reporting-coverage;FR=below-reporting-coverage,null,null,null,null,null,null,Kickstart US/iOS: Payment-card credential storage intent; sensitive-field wording,null,Offline Card Vault: Holder,"secure,keychain,biometric,storage,keeper,wallet,credit,debit,membership,loyalty,insurance,organizer",not-in-proposed-pack,keyword-test,"plausible future discovery candidate with product fit, but current evidence is not enough to add it to the full 99-byte pack. Apple Ads monthly/weekly below-reporting-coverage across the queried countries; no popularity value is imputed for missing coverage.",2026-08-26,apple-ads/popularity-by-input.csv;apple-ads/popularity.normalized.json;kickstart/holder_keywords.json
card details wallet,US_search_candidate,US,iOS,US_search_candidate=1,not-source-current-pending,null,null,null,null,null,null,US;GB;IN;CA;AU;DE;FR,2026-07-01..2026-07-31 UTC,US=below-reporting-coverage;GB=below-reporting-coverage;IN=below-reporting-coverage;CA=below-reporting-coverage;AU=below-reporting-coverage;DE=below-reporting-coverage;FR=below-reporting-coverage,null,null,null,null,null,null,2026-08-16..2026-08-22 UTC,US=below-reporting-coverage;GB=below-reporting-coverage;IN=below-reporting-coverage;CA=below-reporting-coverage;AU=below-reporting-coverage;DE=below-reporting-coverage;FR=below-reporting-coverage,null,null,null,null,null,null,US search=core_job/high; role=direct,US public supply=48; Holder=unranked,Offline Card Vault: Holder,"secure,keychain,biometric,storage,keeper,wallet,credit,debit,membership,loyalty,insurance,organizer",not-in-proposed-pack,keyword-test,"plausible future discovery candidate with product fit, but current evidence is not enough to add it to the full 99-byte pack. US public supply=48; Holder=unranked. Apple Ads monthly/weekly below-reporting-coverage across the queried countries; no popularity value is imputed for missing coverage.",2026-08-26,apple-ads/popularity-by-input.csv;apple-ads/popularity.normalized.json;us/query-matrix.json
card holder,Kickstart,US,iOS,Kickstart=1,not-source-current-pending,US/iOS:31,US/iOS=#36,US/iOS=#27->#36 (dropped; 2026-08-01..2026-08-26),US/iOS=4/5,US/iOS=2/5,2026-08-01..2026-08-26,US;GB;IN;CA;AU;DE;FR,2026-07-01..2026-07-31 UTC,US=below-reporting-coverage;GB=below-reporting-coverage;IN=below-reporting-coverage;CA=below-reporting-coverage;AU=below-reporting-coverage;DE=below-reporting-coverage;FR=below-reporting-coverage,null,null,null,null,null,null,2026-08-16..2026-08-22 UTC,US=below-reporting-coverage;GB=below-reporting-coverage;IN=below-reporting-coverage;CA=below-reporting-coverage;AU=below-reporting-coverage;DE=below-reporting-coverage;FR=below-reporting-coverage,null,null,null,null,null,null,Kickstart US/iOS: Card organization/vault intent; strong product fit,null,Offline Card Vault: Holder,"secure,keychain,biometric,storage,keeper,wallet,credit,debit,membership,loyalty,insurance,organizer",not-in-proposed-pack,monitor,retain as a tracked signal without changing the proposed pack; rank or adjacent intent is informative but not a demand measure. Apple Ads monthly/weekly below-reporting-coverage across the queried countries; no popularity value is imputed for missing coverage.,2026-08-26,apple-ads/popularity-by-input.csv;apple-ads/popularity.normalized.json;kickstart/holder_keywords.json
card holder app,US_search_candidate,US,iOS,US_search_candidate=1,not-source-current-pending,null,null,null,null,null,null,US;GB;IN;CA;AU;DE;FR,2026-07-01..2026-07-31 UTC,US=below-reporting-coverage;GB=below-reporting-coverage;IN=below-reporting-coverage;CA=below-reporting-coverage;AU=below-reporting-coverage;DE=below-reporting-coverage;FR=below-reporting-coverage,null,null,null,null,null,null,2026-08-16..2026-08-22 UTC,US=below-reporting-coverage;GB=below-reporting-coverage;IN=below-reporting-coverage;CA=below-reporting-coverage;AU=below-reporting-coverage;DE=below-reporting-coverage;FR=below-reporting-coverage,null,null,null,null,null,null,US search=broad_category/high; role=broad,US public supply=48; Holder=#44,Offline Card Vault: Holder,"secure,keychain,biometric,storage,keeper,wallet,credit,debit,membership,loyalty,insurance,organizer",not-in-proposed-pack,reject,not a fit for current discovery targeting based on the observed intent mix. US public supply=48; Holder=#44. Apple Ads monthly/weekly below-reporting-coverage across the queried countries; no popularity value is imputed for missing coverage.,2026-08-26,apple-ads/popularity-by-input.csv;apple-ads/popularity.normalized.json;us/query-matrix.json
card info vault,Kickstart,US,iOS,Kickstart=1,not-source-current-pending,US/iOS:32,US/iOS=unranked,US/iOS=no rank history,US/iOS=4/5,US/iOS=4/5,null,US;GB;IN;CA;AU;DE;FR,2026-07-01..2026-07-31 UTC,US=below-reporting-coverage;GB=below-reporting-coverage;IN=below-reporting-coverage;CA=below-reporting-coverage;AU=below-reporting-coverage;DE=below-reporting-coverage;FR=below-reporting-coverage,null,null,null,null,null,null,2026-08-16..2026-08-22 UTC,US=below-reporting-coverage;GB=below-reporting-coverage;IN=below-reporting-coverage;CA=below-reporting-coverage;AU=below-reporting-coverage;DE=below-reporting-coverage;FR=below-reporting-coverage,null,null,null,null,null,null,Kickstart US/iOS: Payment-card credential storage intent; sensitive-field wording,null,Offline Card Vault: Holder,"secure,keychain,biometric,storage,keeper,wallet,credit,debit,membership,loyalty,insurance,organizer",not-in-proposed-pack,keyword-test,"plausible future discovery candidate with product fit, but current evidence is not enough to add it to the full 99-byte pack. Apple Ads monthly/weekly below-reporting-coverage across the queried countries; no popularity value is imputed for missing coverage.",2026-08-26,apple-ads/popularity-by-input.csv;apple-ads/popularity.normalized.json;kickstart/holder_keywords.json
card manager,US_search_candidate,US,iOS,US_search_candidate=1,not-source-current-pending,null,null,null,null,null,null,US;GB;IN;CA;AU;DE;FR,2026-07-01..2026-07-31 UTC,US=below-reporting-coverage;GB=below-reporting-coverage;IN=below-reporting-coverage;CA=below-reporting-coverage;AU=below-reporting-coverage;DE=below-reporting-coverage;FR=below-reporting-coverage,null,null,null,null,null,null,2026-08-16..2026-08-22 UTC,US=below-reporting-coverage;GB=below-reporting-coverage;IN=below-reporting-coverage;CA=below-reporting-coverage;AU=below-reporting-coverage;DE=below-reporting-coverage;FR=below-reporting-coverage,null,null,null,null,null,null,US search=broad_category/high; role=broad,US public supply=38; Holder=unranked,Offline Card Vault: Holder,"secure,keychain,biometric,storage,keeper,wallet,credit,debit,membership,loyalty,insurance,organizer",not-in-proposed-pack,reject,not a fit for current discovery targeting based on the observed intent mix. US public supply=38; Holder=unranked. Apple Ads monthly/weekly below-reporting-coverage across the queried countries; no popularity value is imputed for missing coverage.,2026-08-26,apple-ads/popularity-by-input.csv;apple-ads/popularity.normalized.json;us/query-matrix.json
card number scanner,Kickstart,US,iOS,Kickstart=1,not-source-current-pending,US/iOS:33,US/iOS=unranked,US/iOS=no rank history,US/iOS=4/5,US/iOS=5/5,null,US;GB;IN;CA;AU;DE;FR,2026-07-01..2026-07-31 UTC,US=below-reporting-coverage;GB=below-reporting-coverage;IN=below-reporting-coverage;CA=below-reporting-coverage;AU=below-reporting-coverage;DE=below-reporting-coverage;FR=below-reporting-coverage,null,null,null,null,null,null,2026-08-16..2026-08-22 UTC,US=below-reporting-coverage;GB=below-reporting-coverage;IN=below-reporting-coverage;CA=below-reporting-coverage;AU=below-reporting-coverage;DE=below-reporting-coverage;FR=below-reporting-coverage,null,null,null,null,null,null,Kickstart US/iOS: Payment-card credential storage intent; sensitive-field wording,null,Offline Card Vault: Holder,"secure,keychain,biometric,storage,keeper,wallet,credit,debit,membership,loyalty,insurance,organizer",not-in-proposed-pack,conversion-copy,"valid feature language, but card-scanner evidence is dominated by TCG, business-card, document, or identity-scanner intent. Apple Ads monthly/weekly below-reporting-coverage across the queried countries; no popularity value is imputed for missing coverage.",2026-08-26,apple-ads/popularity-by-input.csv;apple-ads/popularity.normalized.json;kickstart/holder_keywords.json
card number vault,Kickstart,US,iOS,Kickstart=1,not-source-current-pending,US/iOS:34,US/iOS=unranked,US/iOS=no rank history,US/iOS=4/5,US/iOS=5/5,null,US;GB;IN;CA;AU;DE;FR,2026-07-01..2026-07-31 UTC,US=below-reporting-coverage;GB=below-reporting-coverage;IN=below-reporting-coverage;CA=below-reporting-coverage;AU=below-reporting-coverage;DE=below-reporting-coverage;FR=below-reporting-coverage,null,null,null,null,null,null,2026-08-16..2026-08-22 UTC,US=below-reporting-coverage;GB=below-reporting-coverage;IN=below-reporting-coverage;CA=below-reporting-coverage;AU=below-reporting-coverage;DE=below-reporting-coverage;FR=below-reporting-coverage,null,null,null,null,null,null,Kickstart US/iOS: Payment-card credential storage intent; sensitive-field wording,null,Offline Card Vault: Holder,"secure,keychain,biometric,storage,keeper,wallet,credit,debit,membership,loyalty,insurance,organizer",not-in-proposed-pack,keyword-test,"plausible future discovery candidate with product fit, but current evidence is not enough to add it to the full 99-byte pack. Apple Ads monthly/weekly below-reporting-coverage across the queried countries; no popularity value is imputed for missing coverage.",2026-08-26,apple-ads/popularity-by-input.csv;apple-ads/popularity.normalized.json;kickstart/holder_keywords.json
card organizer,Kickstart;US_search_candidate;IN_CA_AU_search_candidate,US;IN;CA;AU,iOS,Kickstart=1;US_search_candidate=1;IN_CA_AU_search_candidate=3,not-source-current-pending,US/iOS:35,US/iOS=unranked,US/iOS=no rank history,US/iOS=2/5,US/iOS=5/5,null,US;GB;IN;CA;AU;DE;FR,2026-07-01..2026-07-31 UTC,US=below-reporting-coverage;GB=below-reporting-coverage;IN=below-reporting-coverage;CA=below-reporting-coverage;AU=below-reporting-coverage;DE=below-reporting-coverage;FR=below-reporting-coverage,null,null,null,null,null,null,2026-08-16..2026-08-22 UTC,US=below-reporting-coverage;GB=below-reporting-coverage;IN=below-reporting-coverage;CA=below-reporting-coverage;AU=below-reporting-coverage;DE=below-reporting-coverage;FR=below-reporting-coverage,null,null,null,null,null,null,"AU intent=Relevant mixed, digital-wallet, business-card, loyalty, and TCG spillover; label=Qualified easy;CA intent=Relevant mixed, digital-wallet, business-card, loyalty, and TCG spillover; label=Qualified easy;IN intent=Relevant mixed, digital-wallet, business-card, loyalty, and TCG spillover; label=Qualified easy;Kickstart US/iOS: Card organization/vault intent; strong product fit;US search=broad_category/high; role=broad",AU public supply=181; public_pos=unranked; difficulty=27; barrier=6; Holder=not ranked;CA public supply=191; public_pos=unranked; difficulty=31; barrier=0; Holder=not ranked;IN public supply=186; public_pos=unranked; difficulty=29; barrier=34; Holder=not ranked;US public supply=42; Holder=unranked,Offline Card Vault: Holder,"secure,keychain,biometric,storage,keeper,wallet,credit,debit,membership,loyalty,insurance,organizer",not-in-proposed-pack,keyword-test,"plausible future discovery candidate with product fit, but current evidence is not enough to add it to the full 99-byte pack. US public supply=42; Holder=unranked. Apple Ads monthly/weekly below-reporting-coverage across the queried countries; no popularity value is imputed for missing coverage.",2026-08-26,anglo-india/raw-query-matrix.csv;apple-ads/popularity-by-input.csv;apple-ads/popularity.normalized.json;kickstart/holder_keywords.json;us/query-matrix.json
card organizer no account,US_search_candidate,US,iOS,US_search_candidate=1,not-source-current-pending,null,null,null,null,null,null,US;GB;IN;CA;AU;DE;FR,2026-07-01..2026-07-31 UTC,US=below-reporting-coverage;GB=below-reporting-coverage;IN=below-reporting-coverage;CA=below-reporting-coverage;AU=below-reporting-coverage;DE=below-reporting-coverage;FR=below-reporting-coverage,null,null,null,null,null,null,2026-08-16..2026-08-22 UTC,US=below-reporting-coverage;GB=below-reporting-coverage;IN=below-reporting-coverage;CA=below-reporting-coverage;AU=below-reporting-coverage;DE=below-reporting-coverage;FR=below-reporting-coverage,null,null,null,null,null,null,US search=compound/high; role=direct,US public supply=45; Holder=unranked,Offline Card Vault: Holder,"secure,keychain,biometric,storage,keeper,wallet,credit,debit,membership,loyalty,insurance,organizer",not-in-proposed-pack,keyword-test,"plausible future discovery candidate with product fit, but current evidence is not enough to add it to the full 99-byte pack. US public supply=45; Holder=unranked. Apple Ads monthly/weekly below-reporting-coverage across the queried countries; no popularity value is imputed for missing coverage.",2026-08-26,apple-ads/popularity-by-input.csv;apple-ads/popularity.normalized.json;us/query-matrix.json
card safe,Kickstart,US,iOS,Kickstart=1,not-source-current-pending,US/iOS:36,US/iOS=#92,US/iOS=#114->#92 (improved; 2026-08-01..2026-08-26),US/iOS=3/5,US/iOS=4/5,2026-08-01..2026-08-26,US;GB;IN;CA;AU;DE;FR,2026-07-01..2026-07-31 UTC,US=below-reporting-coverage;GB=below-reporting-coverage;IN=below-reporting-coverage;CA=below-reporting-coverage;AU=below-reporting-coverage;DE=below-reporting-coverage;FR=below-reporting-coverage,null,null,null,null,null,null,2026-08-16..2026-08-22 UTC,US=below-reporting-coverage;GB=below-reporting-coverage;IN=below-reporting-coverage;CA=below-reporting-coverage;AU=below-reporting-coverage;DE=below-reporting-coverage;FR=below-reporting-coverage,null,null,null,null,null,null,Kickstart US/iOS: Card organization/vault intent; strong product fit,null,Offline Card Vault: Holder,"secure,keychain,biometric,storage,keeper,wallet,credit,debit,membership,loyalty,insurance,organizer",not-in-proposed-pack,monitor,retain as a tracked signal without changing the proposed pack; rank or adjacent intent is informative but not a demand measure. Apple Ads monthly/weekly below-reporting-coverage across the queried countries; no popularity value is imputed for missing coverage.,2026-08-26,apple-ads/popularity-by-input.csv;apple-ads/popularity.normalized.json;kickstart/holder_keywords.json
card scan organizer,US_search_candidate,US,iOS,US_search_candidate=1,not-source-current-pending,null,null,null,null,null,null,US;GB;IN;CA;AU;DE;FR,2026-07-01..2026-07-31 UTC,US=below-reporting-coverage;GB=below-reporting-coverage;IN=below-reporting-coverage;CA=below-reporting-coverage;AU=below-reporting-coverage;DE=below-reporting-coverage;FR=below-reporting-coverage,null,null,null,null,null,null,2026-08-16..2026-08-22 UTC,US=below-reporting-coverage;GB=below-reporting-coverage;IN=below-reporting-coverage;CA=below-reporting-coverage;AU=below-reporting-coverage;DE=below-reporting-coverage;FR=below-reporting-coverage,null,null,null,null,null,null,US search=card_scanner/high; role=direct,US public supply=49; Holder=unranked,Offline Card Vault: Holder,"secure,keychain,biometric,storage,keeper,wallet,credit,debit,membership,loyalty,insurance,organizer",not-in-proposed-pack,conversion-copy,"useful benefit or feature language for screenshots, promotional text, or description rather than a primary discovery target. US public supply=49; Holder=unranked. Apple Ads monthly/weekly below-reporting-coverage across the queried countries; no popularity value is imputed for missing coverage.",2026-08-26,apple-ads/popularity-by-input.csv;apple-ads/popularity.normalized.json;us/query-matrix.json
card scanner,US_search_candidate;IN_CA_AU_search_candidate,US;IN,iOS,US_search_candidate=1;IN_CA_AU_search_candidate=1,not-source-current-pending,null,null,null,null,null,null,US;GB;IN;CA;AU;DE;FR,2026-07-01..2026-07-31 UTC,US=matched;GB=matched;IN=below-reporting-coverage;CA=matched;AU=matched;DE=below-reporting-coverage;FR=below-reporting-coverage,59,3,US,NEW_PUBLICATION,NEW_PUBLICATION,US=59/3/NEW_PUBLICATION#107;GB=47/3/NEW_PUBLICATION#332;CA=51/3/NEW_PUBLICATION#147;AU=49/3/NEW_PUBLICATION#138,2026-08-16..2026-08-22 UTC,US=matched;GB=matched;IN=below-reporting-coverage;CA=matched;AU=below-reporting-coverage;DE=below-reporting-coverage;FR=below-reporting-coverage,56,3,US,SPORTS,NEW_PUBLICATION;SPORTS,US=56/3/SPORTS#51;GB=44/3/NEW_PUBLICATION#234;CA=48/3/NEW_PUBLICATION#103,"AU intent=Feature fit, but business-card and TCG scanning dominates; label=Reject;CA intent=Feature fit, but business-card and TCG scanning dominates; label=Reject;GB intent=scanning/low/mismatch; label=reject;IN intent=Feature fit, but business-card and TCG scanning dominates; label=Conversion copy;US search=card_scanner/high; role=direct",AU public supply=189; public_pos=unranked; difficulty=49; barrier=33; Holder=not ranked;CA public supply=190; public_pos=unranked; difficulty=57; barrier=50; Holder=not ranked;GB public supply=189; difficulty=52; barrier=59; Holder=unranked;IN public supply=185; public_pos=unranked; difficulty=37; barrier=0; Holder=not ranked;US public supply=47; Holder=unranked,Offline Card Vault: Holder,"secure,keychain,biometric,storage,keeper,wallet,credit,debit,membership,loyalty,insurance,organizer",not-in-proposed-pack,conversion-copy,"valid feature language, but card-scanner evidence is dominated by TCG, business-card, document, or identity-scanner intent. US public supply=47; Holder=unranked. Apple Ads monthly max 59/100, weekly max 56/100; unmatched cells remain below-reporting-coverage; no popularity value is imputed for missing coverage.",2026-08-26,anglo-india/raw-query-matrix.csv;apple-ads/popularity-by-input.csv;apple-ads/popularity.normalized.json;europe/keyword-matrix.csv;us/query-matrix.json
card scanner vault,Kickstart,US,iOS,Kickstart=1,not-source-current-pending,US/iOS:37,US/iOS=unranked,US/iOS=no rank history,US/iOS=2/5,US/iOS=1/5,null,US;GB;IN;CA;AU;DE;FR,2026-07-01..2026-07-31 UTC,US=below-reporting-coverage;GB=below-reporting-coverage;IN=below-reporting-coverage;CA=below-reporting-coverage;AU=below-reporting-coverage;DE=below-reporting-coverage;FR=below-reporting-coverage,null,null,null,null,null,null,2026-08-16..2026-08-22 UTC,US=below-reporting-coverage;GB=below-reporting-coverage;IN=below-reporting-coverage;CA=below-reporting-coverage;AU=below-reporting-coverage;DE=below-reporting-coverage;FR=below-reporting-coverage,null,null,null,null,null,null,Kickstart US/iOS: Card scanning intent; aligned with Holder's on-device scanner,null,Offline Card Vault: Holder,"secure,keychain,biometric,storage,keeper,wallet,credit,debit,membership,loyalty,insurance,organizer",not-in-proposed-pack,conversion-copy,"valid feature language, but card-scanner evidence is dominated by TCG, business-card, document, or identity-scanner intent. Apple Ads monthly/weekly below-reporting-coverage across the queried countries; no popularity value is imputed for missing coverage.",2026-08-26,apple-ads/popularity-by-input.csv;apple-ads/popularity.normalized.json;kickstart/holder_keywords.json
card storage,US_search_candidate,US,iOS,US_search_candidate=1,not-source-current-pending,null,null,null,null,null,null,US;GB;IN;CA;AU;DE;FR,2026-07-01..2026-07-31 UTC,US=below-reporting-coverage;GB=below-reporting-coverage;IN=below-reporting-coverage;CA=below-reporting-coverage;AU=below-reporting-coverage;DE=below-reporting-coverage;FR=below-reporting-coverage,null,null,null,null,null,null,2026-08-16..2026-08-22 UTC,US=below-reporting-coverage;GB=below-reporting-coverage;IN=below-reporting-coverage;CA=below-reporting-coverage;AU=below-reporting-coverage;DE=below-reporting-coverage;FR=below-reporting-coverage,null,null,null,null,null,null,US search=broad_category/high; role=broad,US public supply=48; Holder=unranked,Offline Card Vault: Holder,"secure,keychain,biometric,storage,keeper,wallet,credit,debit,membership,loyalty,insurance,organizer",not-in-proposed-pack,keyword-test,"plausible future discovery candidate with product fit, but current evidence is not enough to add it to the full 99-byte pack. US public supply=48; Holder=unranked. Apple Ads monthly/weekly below-reporting-coverage across the queried countries; no popularity value is imputed for missing coverage.",2026-08-26,apple-ads/popularity-by-input.csv;apple-ads/popularity.normalized.json;us/query-matrix.json
card vault,US_search_candidate;FR_DE_GB_search_candidate;IN_CA_AU_search_candidate,US;GB;IN;CA;AU,iOS,US_search_candidate=1;FR_DE_GB_search_candidate=1;IN_CA_AU_search_candidate=3,not-source-current-pending,null,null,null,null,null,null,US;GB;IN;CA;AU;DE;FR,2026-07-01..2026-07-31 UTC,US=below-reporting-coverage;GB=below-reporting-coverage;IN=below-reporting-coverage;CA=below-reporting-coverage;AU=below-reporting-coverage;DE=below-reporting-coverage;FR=below-reporting-coverage,null,null,null,null,null,null,2026-08-16..2026-08-22 UTC,US=below-reporting-coverage;GB=below-reporting-coverage;IN=below-reporting-coverage;CA=below-reporting-coverage;AU=below-reporting-coverage;DE=below-reporting-coverage;FR=below-reporting-coverage,null,null,null,null,null,null,"AU intent=Mixed, personal card-vault fit but TCG and sports-card results dominate; label=Test;CA intent=Mixed, personal card-vault fit but TCG and sports-card results dominate; label=Test;GB intent=vault/storage/high; label=defend;IN intent=Mixed, personal card-vault fit but TCG and sports-card results dominate; label=Qualified easy;US search=biometric_vault/high; role=direct",AU public supply=195; public_pos=67; difficulty=26; barrier=0; Holder=#67;CA public supply=193; public_pos=33; difficulty=27; barrier=0; Holder=#33;GB public supply=193; difficulty=23; barrier=37; Holder=32;IN public supply=165; public_pos=8; difficulty=7; barrier=0; Holder=#8;US public supply=48; Holder=#28,Offline Card Vault: Holder,"secure,keychain,biometric,storage,keeper,wallet,credit,debit,membership,loyalty,insurance,organizer",not-in-proposed-pack,keyword-test,"plausible future discovery candidate with product fit, but current evidence is not enough to add it to the full 99-byte pack. US public supply=48; Holder=#28. Apple Ads monthly/weekly below-reporting-coverage across the queried countries; no popularity value is imputed for missing coverage.",2026-08-26,anglo-india/raw-query-matrix.csv;apple-ads/popularity-by-input.csv;apple-ads/popularity.normalized.json;europe/keyword-matrix.csv;us/query-matrix.json
card wallet,US_search_candidate,US,iOS,US_search_candidate=1,not-source-current-pending,null,null,null,null,null,null,US;GB;IN;CA;AU;DE;FR,2026-07-01..2026-07-31 UTC,US=below-reporting-coverage;GB=below-reporting-coverage;IN=below-reporting-coverage;CA=below-reporting-coverage;AU=below-reporting-coverage;DE=below-reporting-coverage;FR=below-reporting-coverage,null,null,null,null,null,null,2026-08-16..2026-08-22 UTC,US=below-reporting-coverage;GB=below-reporting-coverage;IN=below-reporting-coverage;CA=below-reporting-coverage;AU=below-reporting-coverage;DE=below-reporting-coverage;FR=below-reporting-coverage,null,null,null,null,null,null,US search=broad_category/high; role=broad,US public supply=47; Holder=unranked,Offline Card Vault: Holder,"secure,keychain,biometric,storage,keeper,wallet,credit,debit,membership,loyalty,insurance,organizer",not-in-proposed-pack,keyword-test,"plausible future discovery candidate with product fit, but current evidence is not enough to add it to the full 99-byte pack. US public supply=47; Holder=unranked. Apple Ads monthly/weekly below-reporting-coverage across the queried countries; no popularity value is imputed for missing coverage.",2026-08-26,apple-ads/popularity-by-input.csv;apple-ads/popularity.normalized.json;us/query-matrix.json
cards and ids,US_search_candidate,US,iOS,US_search_candidate=1,not-source-current-pending,null,null,null,null,null,null,US;GB;IN;CA;AU;DE;FR,2026-07-01..2026-07-31 UTC,US=below-reporting-coverage;GB=below-reporting-coverage;IN=below-reporting-coverage;CA=below-reporting-coverage;AU=below-reporting-coverage;DE=below-reporting-coverage;FR=below-reporting-coverage,null,null,null,null,null,null,2026-08-16..2026-08-22 UTC,US=below-reporting-coverage;GB=below-reporting-coverage;IN=below-reporting-coverage;CA=below-reporting-coverage;AU=below-reporting-coverage;DE=below-reporting-coverage;FR=below-reporting-coverage,null,null,null,null,null,null,US search=id_membership_loyalty/medium; role=adjacent,US public supply=46; Holder=unranked,Offline Card Vault: Holder,"secure,keychain,biometric,storage,keeper,wallet,credit,debit,membership,loyalty,insurance,organizer",not-in-proposed-pack,monitor,retain as a tracked signal without changing the proposed pack; rank or adjacent intent is informative but not a demand measure. US public supply=46; Holder=unranked. Apple Ads monthly/weekly below-reporting-coverage across the queried countries; no popularity value is imputed for missing coverage.,2026-08-26,apple-ads/popularity-by-input.csv;apple-ads/popularity.normalized.json;us/query-matrix.json
cardvault,Kickstart,US;IN,iOS;macOS,Kickstart=3,not-source-current-pending,US/iOS:39;US/macOS:40;IN/iOS:38,US/iOS=unranked;US/macOS=#2;IN/iOS=#17,US/iOS=no rank history;US/macOS=#2->#2 (unchanged; 2026-07-30..2026-08-26);IN/iOS=#16->#17 (dropped; 2026-07-30..2026-08-26),US/iOS=3/5;US/macOS=1/5;IN/iOS=1/5,US/iOS=1/5;US/macOS=1/5;IN/iOS=1/5,2026-07-30..2026-08-26,US;GB;IN;CA;AU;DE;FR,2026-07-01..2026-07-31 UTC,US=below-reporting-coverage;GB=below-reporting-coverage;IN=below-reporting-coverage;CA=below-reporting-coverage;AU=below-reporting-coverage;DE=below-reporting-coverage;FR=below-reporting-coverage,null,null,null,null,null,null,2026-08-16..2026-08-22 UTC,US=below-reporting-coverage;GB=below-reporting-coverage;IN=below-reporting-coverage;CA=below-reporting-coverage;AU=below-reporting-coverage;DE=below-reporting-coverage;FR=below-reporting-coverage,null,null,null,null,null,null,Kickstart IN/iOS: Generic card-management intent;Kickstart US/iOS: Generic card-management intent;Kickstart US/macOS: Generic card-management intent,null,Offline Card Vault: Holder,"secure,keychain,biometric,storage,keeper,wallet,credit,debit,membership,loyalty,insurance,organizer",not-in-proposed-pack,monitor,retain as a tracked signal without changing the proposed pack; rank or adjacent intent is informative but not a demand measure. Apple Ads monthly/weekly below-reporting-coverage across the queried countries; no popularity value is imputed for missing coverage.,2026-08-26,apple-ads/popularity-by-input.csv;apple-ads/popularity.normalized.json;kickstart/holder_keywords.json
carte bancaire coffre fort,Kickstart;FR_DE_GB_search_candidate,FR,iOS,Kickstart=1;FR_DE_GB_search_candidate=1,not-source-current-pending,FR/iOS:41,FR/iOS=unranked,FR/iOS=no rank history,FR/iOS=1/5,FR/iOS=1/5,null,US;GB;IN;CA;AU;DE;FR,2026-07-01..2026-07-31 UTC,US=below-reporting-coverage;GB=below-reporting-coverage;IN=below-reporting-coverage;CA=below-reporting-coverage;AU=below-reporting-coverage;DE=below-reporting-coverage;FR=below-reporting-coverage,null,null,null,null,null,null,2026-08-16..2026-08-22 UTC,US=below-reporting-coverage;GB=below-reporting-coverage;IN=below-reporting-coverage;CA=below-reporting-coverage;AU=below-reporting-coverage;DE=below-reporting-coverage;FR=below-reporting-coverage,null,null,null,null,null,null,FR intent=credit/debit/high; label=easy-demand-unknown;Kickstart FR/iOS: French bank-card vault; relevant but bank intent may broaden results,FR public supply=5; difficulty=6; barrier=0; Holder=unranked,Offline Card Vault: Holder,"secure,keychain,biometric,storage,keeper,wallet,credit,debit,membership,loyalty,insurance,organizer",not-in-proposed-pack,localized-test-after-native-review,"relevant localized storage or card workflow candidate, but the machine-assisted phrasing needs native review and sparse supply is not demand. FR public supply=5; difficulty=6; barrier=0; Holder=unranked. Apple Ads monthly/weekly below-reporting-coverage across the queried countries; no popularity value is imputed for missing coverage.",2026-08-26,apple-ads/popularity-by-input.csv;apple-ads/popularity.normalized.json;europe/keyword-matrix.csv;kickstart/holder_keywords.json
cartes de membre portefeuille,FR_DE_GB_search_candidate,FR,iOS,FR_DE_GB_search_candidate=1,not-source-current-pending,null,null,null,null,null,null,US;GB;IN;CA;AU;DE;FR,2026-07-01..2026-07-31 UTC,US=below-reporting-coverage;GB=below-reporting-coverage;IN=below-reporting-coverage;CA=below-reporting-coverage;AU=below-reporting-coverage;DE=below-reporting-coverage;FR=below-reporting-coverage,null,null,null,null,null,null,2026-08-16..2026-08-22 UTC,US=below-reporting-coverage;GB=below-reporting-coverage;IN=below-reporting-coverage;CA=below-reporting-coverage;AU=below-reporting-coverage;DE=below-reporting-coverage;FR=below-reporting-coverage,null,null,null,null,null,null,FR intent=membership/loyalty/medium; label=easy-demand-unknown,FR public supply=8; difficulty=4; barrier=0; Holder=unranked,Offline Card Vault: Holder,"secure,keychain,biometric,storage,keeper,wallet,credit,debit,membership,loyalty,insurance,organizer",not-in-proposed-pack,localized-test-after-native-review,"relevant localized storage or card workflow candidate, but the machine-assisted phrasing needs native review and sparse supply is not demand. FR public supply=8; difficulty=4; barrier=0; Holder=unranked. Apple Ads monthly/weekly below-reporting-coverage across the queried countries; no popularity value is imputed for missing coverage.",2026-08-26,apple-ads/popularity-by-input.csv;apple-ads/popularity.normalized.json;europe/keyword-matrix.csv
coffre fort carte face id,FR_DE_GB_search_candidate,FR,iOS,FR_DE_GB_search_candidate=1,not-source-current-pending,null,null,null,null,null,null,US;GB;IN;CA;AU;DE;FR,2026-07-01..2026-07-31 UTC,US=below-reporting-coverage;GB=below-reporting-coverage;IN=below-reporting-coverage;CA=below-reporting-coverage;AU=below-reporting-coverage;DE=below-reporting-coverage;FR=below-reporting-coverage,null,null,null,null,null,null,2026-08-16..2026-08-22 UTC,US=below-reporting-coverage;GB=below-reporting-coverage;IN=below-reporting-coverage;CA=below-reporting-coverage;AU=below-reporting-coverage;DE=below-reporting-coverage;FR=below-reporting-coverage,null,null,null,null,null,null,FR intent=secure/Face ID/medium-high; label=easy-demand-unknown,FR public supply=15; difficulty=6; barrier=0; Holder=unranked,Offline Card Vault: Holder,"secure,keychain,biometric,storage,keeper,wallet,credit,debit,membership,loyalty,insurance,organizer",not-in-proposed-pack,localized-test-after-native-review,"relevant localized storage or card workflow candidate, but the machine-assisted phrasing needs native review and sparse supply is not demand. FR public supply=15; difficulty=6; barrier=0; Holder=unranked. Apple Ads monthly/weekly below-reporting-coverage across the queried countries; no popularity value is imputed for missing coverage.",2026-08-26,apple-ads/popularity-by-input.csv;apple-ads/popularity.normalized.json;europe/keyword-matrix.csv
coffre fort cartes,Kickstart;FR_DE_GB_search_candidate,FR,iOS,Kickstart=1;FR_DE_GB_search_candidate=1,not-source-current-pending,FR/iOS:42,FR/iOS=unranked,FR/iOS=no rank history,FR/iOS=1/5,FR/iOS=1/5,null,US;GB;IN;CA;AU;DE;FR,2026-07-01..2026-07-31 UTC,US=below-reporting-coverage;GB=below-reporting-coverage;IN=below-reporting-coverage;CA=below-reporting-coverage;AU=below-reporting-coverage;DE=below-reporting-coverage;FR=below-reporting-coverage,null,null,null,null,null,null,2026-08-16..2026-08-22 UTC,US=below-reporting-coverage;GB=below-reporting-coverage;IN=below-reporting-coverage;CA=below-reporting-coverage;AU=below-reporting-coverage;DE=below-reporting-coverage;FR=below-reporting-coverage,null,null,null,null,null,null,FR intent=vault/storage/high; label=easy-demand-unknown;Kickstart FR/iOS: French card-vault/storage intent,FR public supply=15; difficulty=6; barrier=6; Holder=unranked,Offline Card Vault: Holder,"secure,keychain,biometric,storage,keeper,wallet,credit,debit,membership,loyalty,insurance,organizer",not-in-proposed-pack,localized-test-after-native-review,"relevant localized storage or card workflow candidate, but the machine-assisted phrasing needs native review and sparse supply is not demand. FR public supply=15; difficulty=6; barrier=6; Holder=unranked. Apple Ads monthly/weekly below-reporting-coverage across the queried countries; no popularity value is imputed for missing coverage.",2026-08-26,apple-ads/popularity-by-input.csv;apple-ads/popularity.normalized.json;europe/keyword-matrix.csv;kickstart/holder_keywords.json
coffre fort hors ligne,FR_DE_GB_search_candidate,FR,iOS,FR_DE_GB_search_candidate=1,not-source-current-pending,null,null,null,null,null,null,US;GB;IN;CA;AU;DE;FR,2026-07-01..2026-07-31 UTC,US=below-reporting-coverage;GB=below-reporting-coverage;IN=below-reporting-coverage;CA=below-reporting-coverage;AU=below-reporting-coverage;DE=below-reporting-coverage;FR=below-reporting-coverage,null,null,null,null,null,null,2026-08-16..2026-08-22 UTC,US=below-reporting-coverage;GB=below-reporting-coverage;IN=below-reporting-coverage;CA=below-reporting-coverage;AU=below-reporting-coverage;DE=below-reporting-coverage;FR=below-reporting-coverage,null,null,null,null,null,null,FR intent=privacy/offline/high; label=easy-demand-unknown,FR public supply=15; difficulty=1; barrier=0; Holder=unranked,Offline Card Vault: Holder,"secure,keychain,biometric,storage,keeper,wallet,credit,debit,membership,loyalty,insurance,organizer",not-in-proposed-pack,localized-test-after-native-review,"relevant localized storage or card workflow candidate, but the machine-assisted phrasing needs native review and sparse supply is not demand. FR public supply=15; difficulty=1; barrier=0; Holder=unranked. Apple Ads monthly/weekly below-reporting-coverage across the queried countries; no popularity value is imputed for missing coverage.",2026-08-26,apple-ads/popularity-by-input.csv;apple-ads/popularity.normalized.json;europe/keyword-matrix.csv
credit,current_pending_en-US;Kickstart,US,iOS,current_pending_en-US=1;Kickstart=1,source-current-pending-en-US,US/iOS:43,US/iOS=unranked,US/iOS=no rank history,US/iOS=5/5,US/iOS=5/5,null,US;GB;IN;CA;AU;DE;FR,2026-07-01..2026-07-31 UTC,US=matched;GB=matched;IN=matched;CA=below-reporting-coverage;AU=below-reporting-coverage;DE=below-reporting-coverage;FR=matched,59,3,US,FINANCE,FINANCE,US=59/3/FINANCE#305;GB=51/3/FINANCE#392;IN=53/3/FINANCE#467;FR=52/3/FINANCE#275,2026-08-16..2026-08-22 UTC,US=matched;GB=matched;IN=below-reporting-coverage;CA=below-reporting-coverage;AU=below-reporting-coverage;DE=below-reporting-coverage;FR=matched,54,3,US,FINANCE,FINANCE,US=54/3/FINANCE#302;GB=47/3/FINANCE#345;FR=46/3/FINANCE#273,Kickstart US/iOS: Broad or ambiguous single-term intent;source current pending en-US keyword field,null,Offline Card Vault: Holder,"secure,keychain,biometric,storage,keeper,wallet,credit,debit,membership,loyalty,insurance,organizer",in-proposed-pack,keyword-keep,"fits the proposed token pack and Holder’s supported card-storage story; missing popularity is not zero demand. Apple Ads monthly max 59/100, weekly max 54/100; unmatched cells remain below-reporting-coverage; no popularity value is imputed for missing coverage.",2026-08-26,apple-ads/popularity-by-input.csv;apple-ads/popularity.normalized.json;kickstart/holder_keywords.json
credit card cvv storage,Kickstart,US,iOS,Kickstart=1,not-source-current-pending,US/iOS:44,US/iOS=unranked,US/iOS=no rank history,US/iOS=5/5,US/iOS=5/5,null,US;GB;IN;CA;AU;DE;FR,2026-07-01..2026-07-31 UTC,US=below-reporting-coverage;GB=below-reporting-coverage;IN=below-reporting-coverage;CA=below-reporting-coverage;AU=below-reporting-coverage;DE=below-reporting-coverage;FR=below-reporting-coverage,null,null,null,null,null,null,2026-08-16..2026-08-22 UTC,US=below-reporting-coverage;GB=below-reporting-coverage;IN=below-reporting-coverage;CA=below-reporting-coverage;AU=below-reporting-coverage;DE=below-reporting-coverage;FR=below-reporting-coverage,null,null,null,null,null,null,Kickstart US/iOS: Payment-card credential storage intent; sensitive-field wording,null,Offline Card Vault: Holder,"secure,keychain,biometric,storage,keeper,wallet,credit,debit,membership,loyalty,insurance,organizer",not-in-proposed-pack,conversion-copy,"useful benefit or feature language for screenshots, promotional text, or description rather than a primary discovery target. Apple Ads monthly/weekly below-reporting-coverage across the queried countries; no popularity value is imputed for missing coverage.",2026-08-26,apple-ads/popularity-by-input.csv;apple-ads/popularity.normalized.json;kickstart/holder_keywords.json
credit card organizer,US_search_candidate;IN_CA_AU_search_candidate,US;IN;CA;AU,iOS,US_search_candidate=1;IN_CA_AU_search_candidate=3,not-source-current-pending,null,null,null,null,null,null,US;GB;IN;CA;AU;DE;FR,2026-07-01..2026-07-31 UTC,US=below-reporting-coverage;GB=below-reporting-coverage;IN=below-reporting-coverage;CA=below-reporting-coverage;AU=below-reporting-coverage;DE=below-reporting-coverage;FR=below-reporting-coverage,null,null,null,null,null,null,2026-08-16..2026-08-22 UTC,US=below-reporting-coverage;GB=below-reporting-coverage;IN=below-reporting-coverage;CA=below-reporting-coverage;AU=below-reporting-coverage;DE=below-reporting-coverage;FR=below-reporting-coverage,null,null,null,null,null,null,"AU intent=Relevant payment-card storage, with rewards, expense, and issuer spillover; label=Qualified easy;CA intent=Relevant payment-card storage, with rewards, expense, and issuer spillover; label=Qualified easy;IN intent=Relevant payment-card storage, with rewards, expense, and issuer spillover; label=Test;US search=core_job/high; role=direct",AU public supply=168; public_pos=unranked; difficulty=12; barrier=32; Holder=not ranked;CA public supply=169; public_pos=unranked; difficulty=14; barrier=32; Holder=not ranked;IN public supply=152; public_pos=unranked; difficulty=36; barrier=86; Holder=not ranked;US public supply=43; Holder=unranked,Offline Card Vault: Holder,"secure,keychain,biometric,storage,keeper,wallet,credit,debit,membership,loyalty,insurance,organizer",not-in-proposed-pack,keyword-test,"plausible future discovery candidate with product fit, but current evidence is not enough to add it to the full 99-byte pack. US public supply=43; Holder=unranked. Apple Ads monthly/weekly below-reporting-coverage across the queried countries; no popularity value is imputed for missing coverage.",2026-08-26,anglo-india/raw-query-matrix.csv;apple-ads/popularity-by-input.csv;apple-ads/popularity.normalized.json;us/query-matrix.json
credit card rewards,US_search_candidate,US,iOS,US_search_candidate=1,not-source-current-pending,null,null,null,null,null,null,US;GB;IN;CA;AU;DE;FR,2026-07-01..2026-07-31 UTC,US=below-reporting-coverage;GB=below-reporting-coverage;IN=below-reporting-coverage;CA=below-reporting-coverage;AU=below-reporting-coverage;DE=below-reporting-coverage;FR=below-reporting-coverage,null,null,null,null,null,null,2026-08-16..2026-08-22 UTC,US=below-reporting-coverage;GB=below-reporting-coverage;IN=below-reporting-coverage;CA=below-reporting-coverage;AU=below-reporting-coverage;DE=below-reporting-coverage;FR=below-reporting-coverage,null,null,null,null,null,null,US search=intent_trap/low; role=adjacent,US public supply=45; Holder=unranked,Offline Card Vault: Holder,"secure,keychain,biometric,storage,keeper,wallet,credit,debit,membership,loyalty,insurance,organizer",not-in-proposed-pack,reject,rewards optimization is not a supported Holder feature. US public supply=45; Holder=unranked. Apple Ads monthly/weekly below-reporting-coverage across the queried countries; no popularity value is imputed for missing coverage.,2026-08-26,apple-ads/popularity-by-input.csv;apple-ads/popularity.normalized.json;us/query-matrix.json
credit card scanner,Kickstart;US_search_candidate,US,iOS,Kickstart=1;US_search_candidate=1,not-source-current-pending,US/iOS:45,US/iOS=unranked,US/iOS=no rank history,US/iOS=4/5,US/iOS=5/5,null,US;GB;IN;CA;AU;DE;FR,2026-07-01..2026-07-31 UTC,US=below-reporting-coverage;GB=below-reporting-coverage;IN=below-reporting-coverage;CA=below-reporting-coverage;AU=below-reporting-coverage;DE=below-reporting-coverage;FR=below-reporting-coverage,null,null,null,null,null,null,2026-08-16..2026-08-22 UTC,US=below-reporting-coverage;GB=below-reporting-coverage;IN=below-reporting-coverage;CA=below-reporting-coverage;AU=below-reporting-coverage;DE=below-reporting-coverage;FR=below-reporting-coverage,null,null,null,null,null,null,Kickstart US/iOS: Card scanning intent; aligned with Holder's on-device scanner;US search=card_scanner/high; role=direct,US public supply=42; Holder=unranked,Offline Card Vault: Holder,"secure,keychain,biometric,storage,keeper,wallet,credit,debit,membership,loyalty,insurance,organizer",not-in-proposed-pack,conversion-copy,"valid feature language, but card-scanner evidence is dominated by TCG, business-card, document, or identity-scanner intent. US public supply=42; Holder=unranked. Apple Ads monthly/weekly below-reporting-coverage across the queried countries; no popularity value is imputed for missing coverage.",2026-08-26,apple-ads/popularity-by-input.csv;apple-ads/popularity.normalized.json;kickstart/holder_keywords.json;us/query-matrix.json
credit card vault,Kickstart,US,iOS,Kickstart=1,not-source-current-pending,US/iOS:46,US/iOS=#21,US/iOS=#60->#21 (improved; 2026-08-01..2026-08-26),US/iOS=3/5,US/iOS=5/5,2026-08-01..2026-08-26,US;GB;IN;CA;AU;DE;FR,2026-07-01..2026-07-31 UTC,US=below-reporting-coverage;GB=below-reporting-coverage;IN=below-reporting-coverage;CA=below-reporting-coverage;AU=below-reporting-coverage;DE=below-reporting-coverage;FR=below-reporting-coverage,null,null,null,null,null,null,2026-08-16..2026-08-22 UTC,US=below-reporting-coverage;GB=below-reporting-coverage;IN=below-reporting-coverage;CA=below-reporting-coverage;AU=below-reporting-coverage;DE=below-reporting-coverage;FR=below-reporting-coverage,null,null,null,null,null,null,Kickstart US/iOS: Card-vault/storage intent; strong product fit,null,Offline Card Vault: Holder,"secure,keychain,biometric,storage,keeper,wallet,credit,debit,membership,loyalty,insurance,organizer",not-in-proposed-pack,monitor,retain as a tracked signal without changing the proposed pack; rank or adjacent intent is informative but not a demand measure. Apple Ads monthly/weekly below-reporting-coverage across the queried countries; no popularity value is imputed for missing coverage.,2026-08-26,apple-ads/popularity-by-input.csv;apple-ads/popularity.normalized.json;kickstart/holder_keywords.json
credit debit card wallet,US_search_candidate,US,iOS,US_search_candidate=1,not-source-current-pending,null,null,null,null,null,null,US;GB;IN;CA;AU;DE;FR,2026-07-01..2026-07-31 UTC,US=below-reporting-coverage;GB=below-reporting-coverage;IN=below-reporting-coverage;CA=below-reporting-coverage;AU=below-reporting-coverage;DE=below-reporting-coverage;FR=below-reporting-coverage,null,null,null,null,null,null,2026-08-16..2026-08-22 UTC,US=below-reporting-coverage;GB=below-reporting-coverage;IN=below-reporting-coverage;CA=below-reporting-coverage;AU=below-reporting-coverage;DE=below-reporting-coverage;FR=below-reporting-coverage,null,null,null,null,null,null,US search=core_job/high; role=direct,US public supply=45; Holder=unranked,Offline Card Vault: Holder,"secure,keychain,biometric,storage,keeper,wallet,credit,debit,membership,loyalty,insurance,organizer",not-in-proposed-pack,keyword-test,"plausible future discovery candidate with product fit, but current evidence is not enough to add it to the full 99-byte pack. US public supply=45; Holder=unranked. Apple Ads monthly/weekly below-reporting-coverage across the queried countries; no popularity value is imputed for missing coverage.",2026-08-26,apple-ads/popularity-by-input.csv;apple-ads/popularity.normalized.json;us/query-matrix.json
creditcardkeeper,Kickstart,US;IN,iOS;macOS,Kickstart=3,not-source-current-pending,US/iOS:48;US/macOS:49;IN/iOS:47,US/iOS=#117;US/macOS=#2;IN/iOS=#1,US/iOS=#116->#117 (dropped; 2026-07-30..2026-08-26);US/macOS=#2->#2 (unchanged; 2026-07-30..2026-08-26);IN/iOS=#1->#1 (unchanged; 2026-07-30..2026-08-26),US/iOS=5/5;US/macOS=1/5;IN/iOS=1/5,US/iOS=5/5;US/macOS=1/5;IN/iOS=1/5,2026-07-30..2026-08-26,US;GB;IN;CA;AU;DE;FR,2026-07-01..2026-07-31 UTC,US=below-reporting-coverage;GB=below-reporting-coverage;IN=below-reporting-coverage;CA=below-reporting-coverage;AU=below-reporting-coverage;DE=below-reporting-coverage;FR=below-reporting-coverage,null,null,null,null,null,null,2026-08-16..2026-08-22 UTC,US=below-reporting-coverage;GB=below-reporting-coverage;IN=below-reporting-coverage;CA=below-reporting-coverage;AU=below-reporting-coverage;DE=below-reporting-coverage;FR=below-reporting-coverage,null,null,null,null,null,null,Kickstart IN/iOS: Generic card-management intent;Kickstart US/iOS: Generic card-management intent;Kickstart US/macOS: Generic card-management intent,null,Offline Card Vault: Holder,"secure,keychain,biometric,storage,keeper,wallet,credit,debit,membership,loyalty,insurance,organizer",not-in-proposed-pack,monitor,retain as a tracked signal without changing the proposed pack; rank or adjacent intent is informative but not a demand measure. Apple Ads monthly/weekly below-reporting-coverage across the queried countries; no popularity value is imputed for missing coverage.,2026-08-26,apple-ads/popularity-by-input.csv;apple-ads/popularity.normalized.json;kickstart/holder_keywords.json
cvv card vault,Kickstart,US,iOS,Kickstart=1,not-source-current-pending,US/iOS:50,US/iOS=unranked,US/iOS=no rank history,US/iOS=4/5,US/iOS=4/5,null,US;GB;IN;CA;AU;DE;FR,2026-07-01..2026-07-31 UTC,US=below-reporting-coverage;GB=below-reporting-coverage;IN=below-reporting-coverage;CA=below-reporting-coverage;AU=below-reporting-coverage;DE=below-reporting-coverage;FR=below-reporting-coverage,null,null,null,null,null,null,2026-08-16..2026-08-22 UTC,US=below-reporting-coverage;GB=below-reporting-coverage;IN=below-reporting-coverage;CA=below-reporting-coverage;AU=below-reporting-coverage;DE=below-reporting-coverage;FR=below-reporting-coverage,null,null,null,null,null,null,Kickstart US/iOS: Payment-card credential storage intent; sensitive-field wording,null,Offline Card Vault: Holder,"secure,keychain,biometric,storage,keeper,wallet,credit,debit,membership,loyalty,insurance,organizer",not-in-proposed-pack,conversion-copy,"useful benefit or feature language for screenshots, promotional text, or description rather than a primary discovery target. Apple Ads monthly/weekly below-reporting-coverage across the queried countries; no popularity value is imputed for missing coverage.",2026-08-26,apple-ads/popularity-by-input.csv;apple-ads/popularity.normalized.json;kickstart/holder_keywords.json
debit,current_pending_en-US;Kickstart,US,iOS,current_pending_en-US=1;Kickstart=1,source-current-pending-en-US,US/iOS:51,US/iOS=unranked,US/iOS=no rank history,US/iOS=5/5,US/iOS=5/5,null,US;GB;IN;CA;AU;DE;FR,2026-07-01..2026-07-31 UTC,US=below-reporting-coverage;GB=below-reporting-coverage;IN=below-reporting-coverage;CA=below-reporting-coverage;AU=below-reporting-coverage;DE=below-reporting-coverage;FR=below-reporting-coverage,null,null,null,null,null,null,2026-08-16..2026-08-22 UTC,US=below-reporting-coverage;GB=below-reporting-coverage;IN=below-reporting-coverage;CA=below-reporting-coverage;AU=below-reporting-coverage;DE=below-reporting-coverage;FR=below-reporting-coverage,null,null,null,null,null,null,Kickstart US/iOS: Broad or ambiguous single-term intent;source current pending en-US keyword field,null,Offline Card Vault: Holder,"secure,keychain,biometric,storage,keeper,wallet,credit,debit,membership,loyalty,insurance,organizer",in-proposed-pack,keyword-keep,fits the proposed token pack and Holder’s supported card-storage story; missing popularity is not zero demand. Apple Ads monthly/weekly below-reporting-coverage across the queried countries; no popularity value is imputed for missing coverage.,2026-08-26,apple-ads/popularity-by-input.csv;apple-ads/popularity.normalized.json;kickstart/holder_keywords.json
debit card organizer,US_search_candidate;IN_CA_AU_search_candidate,US;IN;CA;AU,iOS,US_search_candidate=1;IN_CA_AU_search_candidate=3,not-source-current-pending,null,null,null,null,null,null,US;GB;IN;CA;AU;DE;FR,2026-07-01..2026-07-31 UTC,US=below-reporting-coverage;GB=below-reporting-coverage;IN=below-reporting-coverage;CA=below-reporting-coverage;AU=below-reporting-coverage;DE=below-reporting-coverage;FR=below-reporting-coverage,null,null,null,null,null,null,2026-08-16..2026-08-22 UTC,US=below-reporting-coverage;GB=below-reporting-coverage;IN=below-reporting-coverage;CA=below-reporting-coverage;AU=below-reporting-coverage;DE=below-reporting-coverage;FR=below-reporting-coverage,null,null,null,null,null,null,"AU intent=Relevant payment-card storage, with bank, POS, and issuer spillover; label=Qualified easy;CA intent=Relevant payment-card storage, with bank, POS, and issuer spillover; label=Qualified easy;IN intent=Relevant payment-card storage, with bank, POS, and issuer spillover; sparse supply; label=Easy, demand unknown;US search=core_job/high; role=direct",AU public supply=151; public_pos=unranked; difficulty=28; barrier=0; Holder=not ranked;CA public supply=157; public_pos=unranked; difficulty=30; barrier=30; Holder=not ranked;IN public supply=32; public_pos=unranked; difficulty=18; barrier=0; Holder=not ranked;US public supply=34; Holder=unranked,Offline Card Vault: Holder,"secure,keychain,biometric,storage,keeper,wallet,credit,debit,membership,loyalty,insurance,organizer",not-in-proposed-pack,keyword-test,"plausible future discovery candidate with product fit, but current evidence is not enough to add it to the full 99-byte pack. US public supply=34; Holder=unranked. Apple Ads monthly/weekly below-reporting-coverage across the queried countries; no popularity value is imputed for missing coverage.",2026-08-26,anglo-india/raw-query-matrix.csv;apple-ads/popularity-by-input.csv;apple-ads/popularity.normalized.json;us/query-matrix.json
digital card vault,Kickstart,US,iOS,Kickstart=1,not-source-current-pending,US/iOS:52,US/iOS=unranked,US/iOS=no rank history,US/iOS=4/5,US/iOS=5/5,null,US;GB;IN;CA;AU;DE;FR,2026-07-01..2026-07-31 UTC,US=below-reporting-coverage;GB=below-reporting-coverage;IN=below-reporting-coverage;CA=below-reporting-coverage;AU=below-reporting-coverage;DE=below-reporting-coverage;FR=below-reporting-coverage,null,null,null,null,null,null,2026-08-16..2026-08-22 UTC,US=below-reporting-coverage;GB=below-reporting-coverage;IN=below-reporting-coverage;CA=below-reporting-coverage;AU=below-reporting-coverage;DE=below-reporting-coverage;FR=below-reporting-coverage,null,null,null,null,null,null,Kickstart US/iOS: Card-vault/storage intent; strong product fit,null,Offline Card Vault: Holder,"secure,keychain,biometric,storage,keeper,wallet,credit,debit,membership,loyalty,insurance,organizer",not-in-proposed-pack,keyword-test,"plausible future discovery candidate with product fit, but current evidence is not enough to add it to the full 99-byte pack. Apple Ads monthly/weekly below-reporting-coverage across the queried countries; no popularity value is imputed for missing coverage.",2026-08-26,apple-ads/popularity-by-input.csv;apple-ads/popularity.normalized.json;kickstart/holder_keywords.json
digital wallet,US_search_candidate,US,iOS,US_search_candidate=1,not-source-current-pending,null,null,null,null,null,null,US;GB;IN;CA;AU;DE;FR,2026-07-01..2026-07-31 UTC,US=below-reporting-coverage;GB=below-reporting-coverage;IN=below-reporting-coverage;CA=below-reporting-coverage;AU=below-reporting-coverage;DE=below-reporting-coverage;FR=below-reporting-coverage,null,null,null,null,null,null,2026-08-16..2026-08-22 UTC,US=below-reporting-coverage;GB=below-reporting-coverage;IN=below-reporting-coverage;CA=below-reporting-coverage;AU=below-reporting-coverage;DE=below-reporting-coverage;FR=below-reporting-coverage,null,null,null,null,null,null,US search=broad_category/medium; role=broad,US public supply=49; Holder=unranked,Offline Card Vault: Holder,"secure,keychain,biometric,storage,keeper,wallet,credit,debit,membership,loyalty,insurance,organizer",not-in-proposed-pack,reject,"broad password-manager, finance, or wallet discovery is not Holder’s focused card-vault job. US public supply=49; Holder=unranked. Apple Ads monthly/weekly below-reporting-coverage across the queried countries; no popularity value is imputed for missing coverage.",2026-08-26,apple-ads/popularity-by-input.csv;apple-ads/popularity.normalized.json;us/query-matrix.json
encrypted card wallet,US_search_candidate,US,iOS,US_search_candidate=1,not-source-current-pending,null,null,null,null,null,null,US;GB;IN;CA;AU;DE;FR,2026-07-01..2026-07-31 UTC,US=below-reporting-coverage;GB=below-reporting-coverage;IN=below-reporting-coverage;CA=below-reporting-coverage;AU=below-reporting-coverage;DE=below-reporting-coverage;FR=below-reporting-coverage,null,null,null,null,null,null,2026-08-16..2026-08-22 UTC,US=below-reporting-coverage;GB=below-reporting-coverage;IN=below-reporting-coverage;CA=below-reporting-coverage;AU=below-reporting-coverage;DE=below-reporting-coverage;FR=below-reporting-coverage,null,null,null,null,null,null,US search=privacy_offline/high; role=direct,US public supply=49; Holder=unranked,Offline Card Vault: Holder,"secure,keychain,biometric,storage,keeper,wallet,credit,debit,membership,loyalty,insurance,organizer",not-in-proposed-pack,keyword-test,"plausible future discovery candidate with product fit, but current evidence is not enough to add it to the full 99-byte pack. US public supply=49; Holder=unranked. Apple Ads monthly/weekly below-reporting-coverage across the queried countries; no popularity value is imputed for missing coverage.",2026-08-26,apple-ads/popularity-by-input.csv;apple-ads/popularity.normalized.json;us/query-matrix.json
face id card vault,Kickstart;IN_CA_AU_search_candidate,US;IN;CA;AU,iOS,Kickstart=1;IN_CA_AU_search_candidate=3,not-source-current-pending,US/iOS:53,US/iOS=#145,US/iOS=#150->#145 (improved; 2026-08-01..2026-08-26),US/iOS=4/5,US/iOS=2/5,2026-08-01..2026-08-26,US;GB;IN;CA;AU;DE;FR,2026-07-01..2026-07-31 UTC,US=below-reporting-coverage;GB=below-reporting-coverage;IN=below-reporting-coverage;CA=below-reporting-coverage;AU=below-reporting-coverage;DE=below-reporting-coverage;FR=below-reporting-coverage,null,null,null,null,null,null,2026-08-16..2026-08-22 UTC,US=below-reporting-coverage;GB=below-reporting-coverage;IN=below-reporting-coverage;CA=below-reporting-coverage;AU=below-reporting-coverage;DE=below-reporting-coverage;FR=below-reporting-coverage,null,null,null,null,null,null,"AU intent=Feature fit, but identity-verification, photo-vault, and password-manager intent dominates; label=Conversion copy;CA intent=Feature fit, but identity-verification, photo-vault, and password-manager intent dominates; label=Defer;GB intent=secure/Face ID/low/mismatch; label=reject;IN intent=Feature fit, but identity, photo-vault, and password-manager intent dominates; label=Conversion copy;Kickstart US/iOS: Card/document-type storage intent; adjacent to core vault",AU public supply=177; public_pos=172; difficulty=44; barrier=52; Holder=#172;CA public supply=172; public_pos=unranked; difficulty=48; barrier=53; Holder=not ranked;GB public supply=178; difficulty=53; barrier=49; Holder=unranked;IN public supply=16; public_pos=unranked; difficulty=51; barrier=0; Holder=not ranked,Offline Card Vault: Holder,"secure,keychain,biometric,storage,keeper,wallet,credit,debit,membership,loyalty,insurance,organizer",not-in-proposed-pack,conversion-copy,"useful benefit or feature language for screenshots, promotional text, or description rather than a primary discovery target. GB public supply=178; difficulty=53; barrier=49; Holder=unranked. Apple Ads monthly/weekly below-reporting-coverage across the queried countries; no popularity value is imputed for missing coverage.",2026-08-26,anglo-india/raw-query-matrix.csv;apple-ads/popularity-by-input.csv;apple-ads/popularity.normalized.json;europe/keyword-matrix.csv;kickstart/holder_keywords.json
face id card wallet,US_search_candidate,US,iOS,US_search_candidate=1,not-source-current-pending,null,null,null,null,null,null,US;GB;IN;CA;AU;DE;FR,2026-07-01..2026-07-31 UTC,US=below-reporting-coverage;GB=below-reporting-coverage;IN=below-reporting-coverage;CA=below-reporting-coverage;AU=below-reporting-coverage;DE=below-reporting-coverage;FR=below-reporting-coverage,null,null,null,null,null,null,2026-08-16..2026-08-22 UTC,US=below-reporting-coverage;GB=below-reporting-coverage;IN=below-reporting-coverage;CA=below-reporting-coverage;AU=below-reporting-coverage;DE=below-reporting-coverage;FR=below-reporting-coverage,null,null,null,null,null,null,US search=biometric_vault/high; role=direct,US public supply=50; Holder=unranked,Offline Card Vault: Holder,"secure,keychain,biometric,storage,keeper,wallet,credit,debit,membership,loyalty,insurance,organizer",not-in-proposed-pack,conversion-copy,"useful benefit or feature language for screenshots, promotional text, or description rather than a primary discovery target. US public supply=50; Holder=unranked. Apple Ads monthly/weekly below-reporting-coverage across the queried countries; no popularity value is imputed for missing coverage.",2026-08-26,apple-ads/popularity-by-input.csv;apple-ads/popularity.normalized.json;us/query-matrix.json
faceid,Kickstart,US,iOS,Kickstart=1,not-source-current-pending,US/iOS:54,US/iOS=unranked,US/iOS=no rank history,US/iOS=3/5,US/iOS=5/5,null,US;GB;IN;CA;AU;DE;FR,2026-07-01..2026-07-31 UTC,US=below-reporting-coverage;GB=below-reporting-coverage;IN=below-reporting-coverage;CA=below-reporting-coverage;AU=below-reporting-coverage;DE=below-reporting-coverage;FR=below-reporting-coverage,null,null,null,null,null,null,2026-08-16..2026-08-22 UTC,US=below-reporting-coverage;GB=below-reporting-coverage;IN=below-reporting-coverage;CA=below-reporting-coverage;AU=below-reporting-coverage;DE=below-reporting-coverage;FR=below-reporting-coverage,null,null,null,null,null,null,Kickstart US/iOS: Broad or ambiguous single-term intent,null,Offline Card Vault: Holder,"secure,keychain,biometric,storage,keeper,wallet,credit,debit,membership,loyalty,insurance,organizer",not-in-proposed-pack,conversion-copy,"valid feature language, but card-scanner evidence is dominated by TCG, business-card, document, or identity-scanner intent. Apple Ads monthly/weekly below-reporting-coverage across the queried countries; no popularity value is imputed for missing coverage.",2026-08-26,apple-ads/popularity-by-input.csv;apple-ads/popularity.normalized.json;kickstart/holder_keywords.json
gift card storage,Kickstart,US,iOS,Kickstart=1,not-source-current-pending,US/iOS:55,US/iOS=unranked,US/iOS=no rank history,US/iOS=4/5,US/iOS=5/5,null,US;GB;IN;CA;AU;DE;FR,2026-07-01..2026-07-31 UTC,US=below-reporting-coverage;GB=below-reporting-coverage;IN=below-reporting-coverage;CA=below-reporting-coverage;AU=below-reporting-coverage;DE=below-reporting-coverage;FR=below-reporting-coverage,null,null,null,null,null,null,2026-08-16..2026-08-22 UTC,US=below-reporting-coverage;GB=below-reporting-coverage;IN=below-reporting-coverage;CA=below-reporting-coverage;AU=below-reporting-coverage;DE=below-reporting-coverage;FR=below-reporting-coverage,null,null,null,null,null,null,Kickstart US/iOS: Card/document-type storage intent; adjacent to core vault,null,Offline Card Vault: Holder,"secure,keychain,biometric,storage,keeper,wallet,credit,debit,membership,loyalty,insurance,organizer",not-in-proposed-pack,monitor,retain as a tracked signal without changing the proposed pack; rank or adjacent intent is informative but not a demand measure. Apple Ads monthly/weekly below-reporting-coverage across the queried countries; no popularity value is imputed for missing coverage.,2026-08-26,apple-ads/popularity-by-input.csv;apple-ads/popularity.normalized.json;kickstart/holder_keywords.json
gift card vault,Kickstart,US,iOS,Kickstart=1,not-source-current-pending,US/iOS:56,US/iOS=unranked,US/iOS=no rank history,US/iOS=3/5,US/iOS=5/5,null,US;GB;IN;CA;AU;DE;FR,2026-07-01..2026-07-31 UTC,US=below-reporting-coverage;GB=below-reporting-coverage;IN=below-reporting-coverage;CA=below-reporting-coverage;AU=below-reporting-coverage;DE=below-reporting-coverage;FR=below-reporting-coverage,null,null,null,null,null,null,2026-08-16..2026-08-22 UTC,US=below-reporting-coverage;GB=below-reporting-coverage;IN=below-reporting-coverage;CA=below-reporting-coverage;AU=below-reporting-coverage;DE=below-reporting-coverage;FR=below-reporting-coverage,null,null,null,null,null,null,Kickstart US/iOS: Card/document-type storage intent; adjacent to core vault,null,Offline Card Vault: Holder,"secure,keychain,biometric,storage,keeper,wallet,credit,debit,membership,loyalty,insurance,organizer",not-in-proposed-pack,monitor,retain as a tracked signal without changing the proposed pack; rank or adjacent intent is informative but not a demand measure. Apple Ads monthly/weekly below-reporting-coverage across the queried countries; no popularity value is imputed for missing coverage.,2026-08-26,apple-ads/popularity-by-input.csv;apple-ads/popularity.normalized.json;kickstart/holder_keywords.json
id,current_pending_en-US,US,iOS,current_pending_en-US=1,source-current-pending-en-US,null,null,null,null,null,null,US;GB;IN;CA;AU;DE;FR,2026-07-01..2026-07-31 UTC,US=below-reporting-coverage;GB=below-reporting-coverage;IN=below-reporting-coverage;CA=below-reporting-coverage;AU=matched;DE=matched;FR=matched,56,3,AU,PRODUCTIVITY_UTILITIES,BUSINESS;PHOTO_VIDEO;PRODUCTIVITY_UTILITIES,AU=56/3/PRODUCTIVITY_UTILITIES#384;DE=48/3/BUSINESS#275;FR=46/3/PHOTO_VIDEO#473,2026-08-16..2026-08-22 UTC,US=below-reporting-coverage;GB=below-reporting-coverage;IN=below-reporting-coverage;CA=below-reporting-coverage;AU=below-reporting-coverage;DE=below-reporting-coverage;FR=below-reporting-coverage,null,null,null,null,null,null,source current pending en-US keyword field,null,Offline Card Vault: Holder,"secure,keychain,biometric,storage,keeper,wallet,credit,debit,membership,loyalty,insurance,organizer",source-current-term-removed-invalid,reject,two-character token is removed from the proposed pack because Apple's current keyword rule requires terms longer than two characters. Apple Ads monthly max 56/100; unmatched cells remain below-reporting-coverage; no popularity value is imputed for missing coverage.,2026-08-26,apple-ads/popularity-by-input.csv;apple-ads/popularity.normalized.json
id card organizer,US_search_candidate;IN_CA_AU_search_candidate,US;IN;CA;AU,iOS,US_search_candidate=1;IN_CA_AU_search_candidate=3,not-source-current-pending,null,null,null,null,null,null,US;GB;IN;CA;AU;DE;FR,2026-07-01..2026-07-31 UTC,US=below-reporting-coverage;GB=below-reporting-coverage;IN=below-reporting-coverage;CA=below-reporting-coverage;AU=below-reporting-coverage;DE=below-reporting-coverage;FR=below-reporting-coverage,null,null,null,null,null,null,2026-08-16..2026-08-22 UTC,US=below-reporting-coverage;GB=below-reporting-coverage;IN=below-reporting-coverage;CA=below-reporting-coverage;AU=below-reporting-coverage;DE=below-reporting-coverage;FR=below-reporting-coverage,null,null,null,null,null,null,"AU intent=Mixed, digital-ID, business-card, and issuer spillover; label=Defer;CA intent=Mixed, digital-ID, business-card, and issuer spillover; label=Defer;IN intent=Mixed, digital-ID, business-card, and issuer spillover; label=Defer;US search=id_membership_loyalty/medium; role=adjacent",AU public supply=187; public_pos=unranked; difficulty=37; barrier=76; Holder=not ranked;CA public supply=185; public_pos=unranked; difficulty=36; barrier=92; Holder=not ranked;IN public supply=172; public_pos=unranked; difficulty=66; barrier=16; Holder=not ranked;US public supply=46; Holder=unranked,Offline Card Vault: Holder,"secure,keychain,biometric,storage,keeper,wallet,credit,debit,membership,loyalty,insurance,organizer",not-in-proposed-pack,monitor,retain as a tracked signal without changing the proposed pack; rank or adjacent intent is informative but not a demand measure. US public supply=46; Holder=unranked. Apple Ads monthly/weekly below-reporting-coverage across the queried countries; no popularity value is imputed for missing coverage.,2026-08-26,anglo-india/raw-query-matrix.csv;apple-ads/popularity-by-input.csv;apple-ads/popularity.normalized.json;us/query-matrix.json
id card vault,Kickstart,US,iOS,Kickstart=1,not-source-current-pending,US/iOS:57,US/iOS=#5,US/iOS=#8->#5 (improved; 2026-08-01..2026-08-26),US/iOS=3/5,US/iOS=1/5,2026-08-01..2026-08-26,US;GB;IN;CA;AU;DE;FR,2026-07-01..2026-07-31 UTC,US=below-reporting-coverage;GB=below-reporting-coverage;IN=below-reporting-coverage;CA=below-reporting-coverage;AU=below-reporting-coverage;DE=below-reporting-coverage;FR=below-reporting-coverage,null,null,null,null,null,null,2026-08-16..2026-08-22 UTC,US=below-reporting-coverage;GB=below-reporting-coverage;IN=below-reporting-coverage;CA=below-reporting-coverage;AU=below-reporting-coverage;DE=below-reporting-coverage;FR=below-reporting-coverage,null,null,null,null,null,null,Kickstart US/iOS: Card/document-type storage intent; adjacent to core vault,null,Offline Card Vault: Holder,"secure,keychain,biometric,storage,keeper,wallet,credit,debit,membership,loyalty,insurance,organizer",not-in-proposed-pack,monitor,retain as a tracked signal without changing the proposed pack; rank or adjacent intent is informative but not a demand measure. Apple Ads monthly/weekly below-reporting-coverage across the queried countries; no popularity value is imputed for missing coverage.,2026-08-26,apple-ads/popularity-by-input.csv;apple-ads/popularity.normalized.json;kickstart/holder_keywords.json
id card wallet,Kickstart;US_search_candidate,US,iOS,Kickstart=1;US_search_candidate=1,not-source-current-pending,US/iOS:58,US/iOS=#127,US/iOS=unranked->#127 (entered; 2026-08-01..2026-08-26),US/iOS=4/5,US/iOS=4/5,2026-08-01..2026-08-26,US;GB;IN;CA;AU;DE;FR,2026-07-01..2026-07-31 UTC,US=below-reporting-coverage;GB=below-reporting-coverage;IN=below-reporting-coverage;CA=below-reporting-coverage;AU=below-reporting-coverage;DE=below-reporting-coverage;FR=below-reporting-coverage,null,null,null,null,null,null,2026-08-16..2026-08-22 UTC,US=below-reporting-coverage;GB=below-reporting-coverage;IN=below-reporting-coverage;CA=below-reporting-coverage;AU=below-reporting-coverage;DE=below-reporting-coverage;FR=below-reporting-coverage,null,null,null,null,null,null,GB intent=ID/medium-high; label=reject;Kickstart US/iOS: Card/document-type storage intent; adjacent to core vault;US search=id_membership_loyalty/medium; role=adjacent,GB public supply=186; difficulty=36; barrier=61; Holder=unranked;US public supply=48; Holder=unranked,Offline Card Vault: Holder,"secure,keychain,biometric,storage,keeper,wallet,credit,debit,membership,loyalty,insurance,organizer",not-in-proposed-pack,monitor,retain as a tracked signal without changing the proposed pack; rank or adjacent intent is informative but not a demand measure. US public supply=48; Holder=unranked. Apple Ads monthly/weekly below-reporting-coverage across the queried countries; no popularity value is imputed for missing coverage.,2026-08-26,apple-ads/popularity-by-input.csv;apple-ads/popularity.normalized.json;europe/keyword-matrix.csv;kickstart/holder_keywords.json;us/query-matrix.json
insurance,current_pending_en-US,US,iOS,current_pending_en-US=1,source-current-pending-en-US,null,null,null,null,null,null,US;GB;IN;CA;AU;DE;FR,2026-07-01..2026-07-31 UTC,US=below-reporting-coverage;GB=matched;IN=below-reporting-coverage;CA=below-reporting-coverage;AU=below-reporting-coverage;DE=below-reporting-coverage;FR=below-reporting-coverage,52,3,GB,FINANCE,FINANCE,GB=52/3/FINANCE#377,2026-08-16..2026-08-22 UTC,US=below-reporting-coverage;GB=matched;IN=below-reporting-coverage;CA=below-reporting-coverage;AU=below-reporting-coverage;DE=below-reporting-coverage;FR=below-reporting-coverage,46,3,GB,FINANCE,FINANCE,GB=46/3/FINANCE#401,source current pending en-US keyword field,null,Offline Card Vault: Holder,"secure,keychain,biometric,storage,keeper,wallet,credit,debit,membership,loyalty,insurance,organizer",in-proposed-pack,keyword-keep,"fits the proposed token pack and Holder’s supported card-storage story; missing popularity is not zero demand. Apple Ads monthly max 52/100, weekly max 46/100; unmatched cells remain below-reporting-coverage; no popularity value is imputed for missing coverage.",2026-08-26,apple-ads/popularity-by-input.csv;apple-ads/popularity.normalized.json
insurance card vault,Kickstart,US,iOS,Kickstart=1,not-source-current-pending,US/iOS:59,US/iOS=#89,US/iOS=#99->#89 (improved; 2026-08-01..2026-08-26),US/iOS=4/5,US/iOS=4/5,2026-08-01..2026-08-26,US;GB;IN;CA;AU;DE;FR,2026-07-01..2026-07-31 UTC,US=below-reporting-coverage;GB=below-reporting-coverage;IN=below-reporting-coverage;CA=below-reporting-coverage;AU=below-reporting-coverage;DE=below-reporting-coverage;FR=below-reporting-coverage,null,null,null,null,null,null,2026-08-16..2026-08-22 UTC,US=below-reporting-coverage;GB=below-reporting-coverage;IN=below-reporting-coverage;CA=below-reporting-coverage;AU=below-reporting-coverage;DE=below-reporting-coverage;FR=below-reporting-coverage,null,null,null,null,null,null,Kickstart US/iOS: Card/document-type storage intent; adjacent to core vault,null,Offline Card Vault: Holder,"secure,keychain,biometric,storage,keeper,wallet,credit,debit,membership,loyalty,insurance,organizer",not-in-proposed-pack,monitor,retain as a tracked signal without changing the proposed pack; rank or adjacent intent is informative but not a demand measure. Apple Ads monthly/weekly below-reporting-coverage across the queried countries; no popularity value is imputed for missing coverage.,2026-08-26,apple-ads/popularity-by-input.csv;apple-ads/popularity.normalized.json;kickstart/holder_keywords.json
insurance card wallet,US_search_candidate,US,iOS,US_search_candidate=1,not-source-current-pending,null,null,null,null,null,null,US;GB;IN;CA;AU;DE;FR,2026-07-01..2026-07-31 UTC,US=below-reporting-coverage;GB=below-reporting-coverage;IN=below-reporting-coverage;CA=below-reporting-coverage;AU=below-reporting-coverage;DE=below-reporting-coverage;FR=below-reporting-coverage,null,null,null,null,null,null,2026-08-16..2026-08-22 UTC,US=below-reporting-coverage;GB=below-reporting-coverage;IN=below-reporting-coverage;CA=below-reporting-coverage;AU=below-reporting-coverage;DE=below-reporting-coverage;FR=below-reporting-coverage,null,null,null,null,null,null,US search=id_membership_loyalty/medium; role=adjacent,US public supply=49; Holder=unranked,Offline Card Vault: Holder,"secure,keychain,biometric,storage,keeper,wallet,credit,debit,membership,loyalty,insurance,organizer",not-in-proposed-pack,monitor,retain as a tracked signal without changing the proposed pack; rank or adjacent intent is informative but not a demand measure. US public supply=49; Holder=unranked. Apple Ads monthly/weekly below-reporting-coverage across the queried countries; no popularity value is imputed for missing coverage.,2026-08-26,apple-ads/popularity-by-input.csv;apple-ads/popularity.normalized.json;us/query-matrix.json
iphone card vault,US_search_candidate,US,iOS,US_search_candidate=1,not-source-current-pending,null,null,null,null,null,null,US;GB;IN;CA;AU;DE;FR,2026-07-01..2026-07-31 UTC,US=below-reporting-coverage;GB=below-reporting-coverage;IN=below-reporting-coverage;CA=below-reporting-coverage;AU=below-reporting-coverage;DE=below-reporting-coverage;FR=below-reporting-coverage,null,null,null,null,null,null,2026-08-16..2026-08-22 UTC,US=below-reporting-coverage;GB=below-reporting-coverage;IN=below-reporting-coverage;CA=below-reporting-coverage;AU=below-reporting-coverage;DE=below-reporting-coverage;FR=below-reporting-coverage,null,null,null,null,null,null,US search=biometric_vault/high; role=direct,US public supply=49; Holder=#9,Offline Card Vault: Holder,"secure,keychain,biometric,storage,keeper,wallet,credit,debit,membership,loyalty,insurance,organizer",not-in-proposed-pack,keyword-test,"plausible future discovery candidate with product fit, but current evidence is not enough to add it to the full 99-byte pack. US public supply=49; Holder=#9. Apple Ads monthly/weekly below-reporting-coverage across the queried countries; no popularity value is imputed for missing coverage.",2026-08-26,apple-ads/popularity-by-input.csv;apple-ads/popularity.normalized.json;us/query-matrix.json
karten sicher aufbewahren,FR_DE_GB_search_candidate,DE,iOS,FR_DE_GB_search_candidate=1,not-source-current-pending,null,null,null,null,null,null,US;GB;IN;CA;AU;DE;FR,2026-07-01..2026-07-31 UTC,US=below-reporting-coverage;GB=below-reporting-coverage;IN=below-reporting-coverage;CA=below-reporting-coverage;AU=below-reporting-coverage;DE=below-reporting-coverage;FR=below-reporting-coverage,null,null,null,null,null,null,2026-08-16..2026-08-22 UTC,US=below-reporting-coverage;GB=below-reporting-coverage;IN=below-reporting-coverage;CA=below-reporting-coverage;AU=below-reporting-coverage;DE=below-reporting-coverage;FR=below-reporting-coverage,null,null,null,null,null,null,DE intent=privacy/offline/high; label=easy-demand-unknown,DE public supply=1; difficulty=1; barrier=16; Holder=unranked,Offline Card Vault: Holder,"secure,keychain,biometric,storage,keeper,wallet,credit,debit,membership,loyalty,insurance,organizer",not-in-proposed-pack,localized-test-after-native-review,"relevant localized storage or card workflow candidate, but the machine-assisted phrasing needs native review and sparse supply is not demand. DE public supply=1; difficulty=1; barrier=16; Holder=unranked. Apple Ads monthly/weekly below-reporting-coverage across the queried countries; no popularity value is imputed for missing coverage.",2026-08-26,apple-ads/popularity-by-input.csv;apple-ads/popularity.normalized.json;europe/keyword-matrix.csv
karten tresor,Kickstart;FR_DE_GB_search_candidate,DE,iOS,Kickstart=1;FR_DE_GB_search_candidate=1,not-source-current-pending,DE/iOS:60,DE/iOS=unranked,DE/iOS=no rank history,DE/iOS=1/5,DE/iOS=1/5,null,US;GB;IN;CA;AU;DE;FR,2026-07-01..2026-07-31 UTC,US=below-reporting-coverage;GB=below-reporting-coverage;IN=below-reporting-coverage;CA=below-reporting-coverage;AU=below-reporting-coverage;DE=below-reporting-coverage;FR=below-reporting-coverage,null,null,null,null,null,null,2026-08-16..2026-08-22 UTC,US=below-reporting-coverage;GB=below-reporting-coverage;IN=below-reporting-coverage;CA=below-reporting-coverage;AU=below-reporting-coverage;DE=below-reporting-coverage;FR=below-reporting-coverage,null,null,null,null,null,null,DE intent=vault/storage/high; label=easy-demand-unknown;Kickstart DE/iOS: German card-vault/storage intent,DE public supply=21; difficulty=5; barrier=0; Holder=unranked,Offline Card Vault: Holder,"secure,keychain,biometric,storage,keeper,wallet,credit,debit,membership,loyalty,insurance,organizer",not-in-proposed-pack,localized-test-after-native-review,"relevant localized storage or card workflow candidate, but the machine-assisted phrasing needs native review and sparse supply is not demand. DE public supply=21; difficulty=5; barrier=0; Holder=unranked. Apple Ads monthly/weekly below-reporting-coverage across the queried countries; no popularity value is imputed for missing coverage.",2026-08-26,apple-ads/popularity-by-input.csv;apple-ads/popularity.normalized.json;europe/keyword-matrix.csv;kickstart/holder_keywords.json
keep card numbers,US_search_candidate,US,iOS,US_search_candidate=1,not-source-current-pending,null,null,null,null,null,null,US;GB;IN;CA;AU;DE;FR,2026-07-01..2026-07-31 UTC,US=below-reporting-coverage;GB=below-reporting-coverage;IN=below-reporting-coverage;CA=below-reporting-coverage;AU=below-reporting-coverage;DE=below-reporting-coverage;FR=below-reporting-coverage,null,null,null,null,null,null,2026-08-16..2026-08-22 UTC,US=below-reporting-coverage;GB=below-reporting-coverage;IN=below-reporting-coverage;CA=below-reporting-coverage;AU=below-reporting-coverage;DE=below-reporting-coverage;FR=below-reporting-coverage,null,null,null,null,null,null,US search=core_job/high; role=direct,US public supply=50; Holder=unranked,Offline Card Vault: Holder,"secure,keychain,biometric,storage,keeper,wallet,credit,debit,membership,loyalty,insurance,organizer",not-in-proposed-pack,keyword-test,"plausible future discovery candidate with product fit, but current evidence is not enough to add it to the full 99-byte pack. US public supply=50; Holder=unranked. Apple Ads monthly/weekly below-reporting-coverage across the queried countries; no popularity value is imputed for missing coverage.",2026-08-26,apple-ads/popularity-by-input.csv;apple-ads/popularity.normalized.json;us/query-matrix.json
keeper,current_pending_en-US;Kickstart,US,iOS,current_pending_en-US=1;Kickstart=1,source-current-pending-en-US,US/iOS:61,US/iOS=unranked,US/iOS=no rank history,US/iOS=4/5,US/iOS=1/5,null,US;GB;IN;CA;AU;DE;FR,2026-07-01..2026-07-31 UTC,US=below-reporting-coverage;GB=below-reporting-coverage;IN=below-reporting-coverage;CA=below-reporting-coverage;AU=below-reporting-coverage;DE=below-reporting-coverage;FR=below-reporting-coverage,null,null,null,null,null,null,2026-08-16..2026-08-22 UTC,US=below-reporting-coverage;GB=below-reporting-coverage;IN=below-reporting-coverage;CA=below-reporting-coverage;AU=below-reporting-coverage;DE=below-reporting-coverage;FR=below-reporting-coverage,null,null,null,null,null,null,Kickstart US/iOS: Broad or ambiguous single-term intent;source current pending en-US keyword field,null,Offline Card Vault: Holder,"secure,keychain,biometric,storage,keeper,wallet,credit,debit,membership,loyalty,insurance,organizer",in-proposed-pack,keyword-keep,fits the proposed token pack and Holder’s supported card-storage story; missing popularity is not zero demand. Apple Ads monthly/weekly below-reporting-coverage across the queried countries; no popularity value is imputed for missing coverage.,2026-08-26,apple-ads/popularity-by-input.csv;apple-ads/popularity.normalized.json;kickstart/holder_keywords.json
keychain,proposed_en-US_keyword_field,US,iOS,proposed_en-US_keyword_field=1,proposed-only-current-local,null,null,null,null,null,null,US;GB;IN;CA;AU;DE;FR,2026-07-01..2026-07-31 UTC,US=below-reporting-coverage;GB=below-reporting-coverage;IN=below-reporting-coverage;CA=below-reporting-coverage;AU=below-reporting-coverage;DE=below-reporting-coverage;FR=below-reporting-coverage,null,null,null,null,null,null,2026-08-16..2026-08-22 UTC,US=below-reporting-coverage;GB=below-reporting-coverage;IN=below-reporting-coverage;CA=below-reporting-coverage;AU=below-reporting-coverage;DE=below-reporting-coverage;FR=below-reporting-coverage,null,null,null,null,null,null,proposed en-US pack standalone token; native Keychain storage language fits Holder; exact Apple Ads gap sweep returned no reportable row in all seven queried countries,null,Offline Card Vault: Holder,"secure,keychain,biometric,storage,keeper,wallet,credit,debit,membership,loyalty,insurance,organizer",in-proposed-pack,keyword-keep,"Proposed pack standalone token for native Keychain storage language that fits Holder; exact Apple Ads gap sweep returned no reportable row in any of the seven queried countries, so popularity remains unknown. Keep as a keyword building block and do not treat below coverage as zero demand.",2026-08-26,apple-ads/gap-closure-secure-keychain-wallet.csv;apple-ads/gap-closure-secure-keychain-wallet.json;apple-ads/popularity-by-input.csv;apple-ads/popularity.normalized.json;apple-ads/query-gap-au-monthly.json;apple-ads/query-gap-au-weekly.json;apple-ads/query-gap-ca-monthly.json;apple-ads/query-gap-ca-weekly.json;apple-ads/query-gap-de-monthly.json;apple-ads/query-gap-de-weekly.json;apple-ads/query-gap-fr-monthly.json;apple-ads/query-gap-fr-weekly.json;apple-ads/query-gap-gb-monthly.json;apple-ads/query-gap-gb-weekly.json;apple-ads/query-gap-in-monthly.json;apple-ads/query-gap-in-weekly.json;apple-ads/query-gap-us-monthly.json;apple-ads/query-gap-us-weekly.json;apple-ads/raw-gap-au-monthly.json;apple-ads/raw-gap-au-weekly.json;apple-ads/raw-gap-ca-monthly.json;apple-ads/raw-gap-ca-weekly.json;apple-ads/raw-gap-de-monthly.json;apple-ads/raw-gap-de-weekly.json;apple-ads/raw-gap-fr-monthly.json;apple-ads/raw-gap-fr-weekly.json;apple-ads/raw-gap-gb-monthly.json;apple-ads/raw-gap-gb-weekly.json;apple-ads/raw-gap-in-monthly.json;apple-ads/raw-gap-in-weekly.json;apple-ads/raw-gap-us-monthly.json;apple-ads/raw-gap-us-weekly.json
keychain card vault,Kickstart,US,iOS,Kickstart=1,not-source-current-pending,US/iOS:62,US/iOS=#2,US/iOS=#2->#2 (unchanged; 2026-08-01..2026-08-26),US/iOS=3/5,US/iOS=2/5,2026-08-01..2026-08-26,US;GB;IN;CA;AU;DE;FR,2026-07-01..2026-07-31 UTC,US=below-reporting-coverage;GB=below-reporting-coverage;IN=below-reporting-coverage;CA=below-reporting-coverage;AU=below-reporting-coverage;DE=below-reporting-coverage;FR=below-reporting-coverage,null,null,null,null,null,null,2026-08-16..2026-08-22 UTC,US=below-reporting-coverage;GB=below-reporting-coverage;IN=below-reporting-coverage;CA=below-reporting-coverage;AU=below-reporting-coverage;DE=below-reporting-coverage;FR=below-reporting-coverage,null,null,null,null,null,null,Kickstart US/iOS: Secure/offline card-vault intent; strong product fit,null,Offline Card Vault: Holder,"secure,keychain,biometric,storage,keeper,wallet,credit,debit,membership,loyalty,insurance,organizer",not-in-proposed-pack,monitor,retain as a tracked signal without changing the proposed pack; rank or adjacent intent is informative but not a demand measure. Apple Ads monthly/weekly below-reporting-coverage across the queried countries; no popularity value is imputed for missing coverage.,2026-08-26,apple-ads/popularity-by-input.csv;apple-ads/popularity.normalized.json;kickstart/holder_keywords.json
keychainsafe,Kickstart,US;IN,iOS;macOS,Kickstart=3,not-source-current-pending,US/iOS:64;US/macOS:65;IN/iOS:63,US/iOS=#112;US/macOS=#8;IN/iOS=#1,US/iOS=#107->#112 (dropped; 2026-07-30..2026-08-26);US/macOS=#8->#8 (unchanged; 2026-07-30..2026-08-26);IN/iOS=#1->#1 (unchanged; 2026-07-30..2026-08-26),US/iOS=4/5;US/macOS=2/5;IN/iOS=1/5,US/iOS=4/5;US/macOS=1/5;IN/iOS=1/5,2026-07-30..2026-08-26,US;GB;IN;CA;AU;DE;FR,2026-07-01..2026-07-31 UTC,US=below-reporting-coverage;GB=below-reporting-coverage;IN=below-reporting-coverage;CA=below-reporting-coverage;AU=below-reporting-coverage;DE=below-reporting-coverage;FR=below-reporting-coverage,null,null,null,null,null,null,2026-08-16..2026-08-22 UTC,US=below-reporting-coverage;GB=below-reporting-coverage;IN=below-reporting-coverage;CA=below-reporting-coverage;AU=below-reporting-coverage;DE=below-reporting-coverage;FR=below-reporting-coverage,null,null,null,null,null,null,Kickstart IN/iOS: Secure/offline card-vault intent; strong product fit;Kickstart US/iOS: Secure/offline card-vault intent; strong product fit;Kickstart US/macOS: Secure/offline card-vault intent; strong product fit,null,Offline Card Vault: Holder,"secure,keychain,biometric,storage,keeper,wallet,credit,debit,membership,loyalty,insurance,organizer",not-in-proposed-pack,monitor,retain as a tracked signal without changing the proposed pack; rank or adjacent intent is informative but not a demand measure. Apple Ads monthly/weekly below-reporting-coverage across the queried countries; no popularity value is imputed for missing coverage.,2026-08-26,apple-ads/popularity-by-input.csv;apple-ads/popularity.normalized.json;kickstart/holder_keywords.json
kreditkarte sicher speichern,FR_DE_GB_search_candidate,DE,iOS,FR_DE_GB_search_candidate=1,not-source-current-pending,null,null,null,null,null,null,US;GB;IN;CA;AU;DE;FR,2026-07-01..2026-07-31 UTC,US=below-reporting-coverage;GB=below-reporting-coverage;IN=below-reporting-coverage;CA=below-reporting-coverage;AU=below-reporting-coverage;DE=below-reporting-coverage;FR=below-reporting-coverage,null,null,null,null,null,null,2026-08-16..2026-08-22 UTC,US=below-reporting-coverage;GB=below-reporting-coverage;IN=below-reporting-coverage;CA=below-reporting-coverage;AU=below-reporting-coverage;DE=below-reporting-coverage;FR=below-reporting-coverage,null,null,null,null,null,null,DE intent=credit/debit/high; label=easy-demand-unknown,DE public supply=1; difficulty=0; barrier=0; Holder=unranked,Offline Card Vault: Holder,"secure,keychain,biometric,storage,keeper,wallet,credit,debit,membership,loyalty,insurance,organizer",not-in-proposed-pack,localized-test-after-native-review,"relevant localized storage or card workflow candidate, but the machine-assisted phrasing needs native review and sparse supply is not demand. DE public supply=1; difficulty=0; barrier=0; Holder=unranked. Apple Ads monthly/weekly below-reporting-coverage across the queried countries; no popularity value is imputed for missing coverage.",2026-08-26,apple-ads/popularity-by-input.csv;apple-ads/popularity.normalized.json;europe/keyword-matrix.csv
kreditkarte speichern,Kickstart,DE,iOS,Kickstart=1,not-source-current-pending,DE/iOS:66,DE/iOS=unranked,DE/iOS=no rank history,DE/iOS=1/5,DE/iOS=1/5,null,US;GB;IN;CA;AU;DE;FR,2026-07-01..2026-07-31 UTC,US=below-reporting-coverage;GB=below-reporting-coverage;IN=below-reporting-coverage;CA=below-reporting-coverage;AU=below-reporting-coverage;DE=below-reporting-coverage;FR=below-reporting-coverage,null,null,null,null,null,null,2026-08-16..2026-08-22 UTC,US=below-reporting-coverage;GB=below-reporting-coverage;IN=below-reporting-coverage;CA=below-reporting-coverage;AU=below-reporting-coverage;DE=below-reporting-coverage;FR=below-reporting-coverage,null,null,null,null,null,null,Kickstart DE/iOS: German credit-card storage intent,null,Offline Card Vault: Holder,"secure,keychain,biometric,storage,keeper,wallet,credit,debit,membership,loyalty,insurance,organizer",not-in-proposed-pack,localized-test-after-native-review,"relevant localized storage or card workflow candidate, but the machine-assisted phrasing needs native review and sparse supply is not demand. Apple Ads monthly/weekly below-reporting-coverage across the queried countries; no popularity value is imputed for missing coverage.",2026-08-26,apple-ads/popularity-by-input.csv;apple-ads/popularity.normalized.json;kickstart/holder_keywords.json
local card storage,US_search_candidate,US,iOS,US_search_candidate=1,not-source-current-pending,null,null,null,null,null,null,US;GB;IN;CA;AU;DE;FR,2026-07-01..2026-07-31 UTC,US=below-reporting-coverage;GB=below-reporting-coverage;IN=below-reporting-coverage;CA=below-reporting-coverage;AU=below-reporting-coverage;DE=below-reporting-coverage;FR=below-reporting-coverage,null,null,null,null,null,null,2026-08-16..2026-08-22 UTC,US=below-reporting-coverage;GB=below-reporting-coverage;IN=below-reporting-coverage;CA=below-reporting-coverage;AU=below-reporting-coverage;DE=below-reporting-coverage;FR=below-reporting-coverage,null,null,null,null,null,null,US search=privacy_offline/high; role=direct,US public supply=48; Holder=unranked,Offline Card Vault: Holder,"secure,keychain,biometric,storage,keeper,wallet,credit,debit,membership,loyalty,insurance,organizer",not-in-proposed-pack,keyword-test,"plausible future discovery candidate with product fit, but current evidence is not enough to add it to the full 99-byte pack. US public supply=48; Holder=unranked. Apple Ads monthly/weekly below-reporting-coverage across the queried countries; no popularity value is imputed for missing coverage.",2026-08-26,apple-ads/popularity-by-input.csv;apple-ads/popularity.normalized.json;us/query-matrix.json
local card vault,Kickstart,US,iOS,Kickstart=1,not-source-current-pending,US/iOS:67,US/iOS=unranked,US/iOS=no rank history,US/iOS=4/5,US/iOS=4/5,null,US;GB;IN;CA;AU;DE;FR,2026-07-01..2026-07-31 UTC,US=below-reporting-coverage;GB=below-reporting-coverage;IN=below-reporting-coverage;CA=below-reporting-coverage;AU=below-reporting-coverage;DE=below-reporting-coverage;FR=below-reporting-coverage,null,null,null,null,null,null,2026-08-16..2026-08-22 UTC,US=below-reporting-coverage;GB=below-reporting-coverage;IN=below-reporting-coverage;CA=below-reporting-coverage;AU=below-reporting-coverage;DE=below-reporting-coverage;FR=below-reporting-coverage,null,null,null,null,null,null,Kickstart US/iOS: Card-vault/storage intent; strong product fit,null,Offline Card Vault: Holder,"secure,keychain,biometric,storage,keeper,wallet,credit,debit,membership,loyalty,insurance,organizer",not-in-proposed-pack,keyword-test,"plausible future discovery candidate with product fit, but current evidence is not enough to add it to the full 99-byte pack. Apple Ads monthly/weekly below-reporting-coverage across the queried countries; no popularity value is imputed for missing coverage.",2026-08-26,apple-ads/popularity-by-input.csv;apple-ads/popularity.normalized.json;kickstart/holder_keywords.json
loyalty,current_pending_en-US,US,iOS,current_pending_en-US=1,source-current-pending-en-US,null,null,null,null,null,null,US;GB;IN;CA;AU;DE;FR,2026-07-01..2026-07-31 UTC,US=below-reporting-coverage;GB=below-reporting-coverage;IN=below-reporting-coverage;CA=below-reporting-coverage;AU=below-reporting-coverage;DE=below-reporting-coverage;FR=below-reporting-coverage,null,null,null,null,null,null,2026-08-16..2026-08-22 UTC,US=below-reporting-coverage;GB=below-reporting-coverage;IN=below-reporting-coverage;CA=below-reporting-coverage;AU=below-reporting-coverage;DE=below-reporting-coverage;FR=below-reporting-coverage,null,null,null,null,null,null,source current pending en-US keyword field,null,Offline Card Vault: Holder,"secure,keychain,biometric,storage,keeper,wallet,credit,debit,membership,loyalty,insurance,organizer",in-proposed-pack,keyword-keep,fits the proposed token pack and Holder’s supported card-storage story; missing popularity is not zero demand. Apple Ads monthly/weekly below-reporting-coverage across the queried countries; no popularity value is imputed for missing coverage.,2026-08-26,apple-ads/popularity-by-input.csv;apple-ads/popularity.normalized.json
loyalty card organizer,IN_CA_AU_search_candidate,IN;CA;AU,iOS,IN_CA_AU_search_candidate=3,not-source-current-pending,null,null,null,null,null,null,US;GB;IN;CA;AU;DE;FR,2026-07-01..2026-07-31 UTC,US=below-reporting-coverage;GB=below-reporting-coverage;IN=below-reporting-coverage;CA=below-reporting-coverage;AU=below-reporting-coverage;DE=below-reporting-coverage;FR=below-reporting-coverage,null,null,null,null,null,null,2026-08-16..2026-08-22 UTC,US=below-reporting-coverage;GB=below-reporting-coverage;IN=below-reporting-coverage;CA=below-reporting-coverage;AU=below-reporting-coverage;DE=below-reporting-coverage;FR=below-reporting-coverage,null,null,null,null,null,null,"AU intent=Adjacent supported storage, but loyalty-program and pass intent dominates; label=Qualified easy;CA intent=Adjacent supported storage, but loyalty-program and pass intent dominates; label=Test;IN intent=Adjacent supported storage, but loyalty-program and pass intent dominates; label=Test",AU public supply=186; public_pos=unranked; difficulty=32; barrier=16; Holder=not ranked;CA public supply=185; public_pos=unranked; difficulty=34; barrier=41; Holder=not ranked;IN public supply=186; public_pos=unranked; difficulty=24; barrier=0; Holder=not ranked,Offline Card Vault: Holder,"secure,keychain,biometric,storage,keeper,wallet,credit,debit,membership,loyalty,insurance,organizer",not-in-proposed-pack,monitor,retain as a tracked signal without changing the proposed pack; rank or adjacent intent is informative but not a demand measure. IN public supply=186; public_pos=unranked; difficulty=24; barrier=0; Holder=not ranked. Apple Ads monthly/weekly below-reporting-coverage across the queried countries; no popularity value is imputed for missing coverage.,2026-08-26,anglo-india/raw-query-matrix.csv;apple-ads/popularity-by-input.csv;apple-ads/popularity.normalized.json
loyalty card vault,Kickstart,US,iOS,Kickstart=1,not-source-current-pending,US/iOS:68,US/iOS=#115,US/iOS=#115->#115 (unchanged; 2026-08-01..2026-08-26),US/iOS=3/5,US/iOS=3/5,2026-08-01..2026-08-26,US;GB;IN;CA;AU;DE;FR,2026-07-01..2026-07-31 UTC,US=below-reporting-coverage;GB=below-reporting-coverage;IN=below-reporting-coverage;CA=below-reporting-coverage;AU=below-reporting-coverage;DE=below-reporting-coverage;FR=below-reporting-coverage,null,null,null,null,null,null,2026-08-16..2026-08-22 UTC,US=below-reporting-coverage;GB=below-reporting-coverage;IN=below-reporting-coverage;CA=below-reporting-coverage;AU=below-reporting-coverage;DE=below-reporting-coverage;FR=below-reporting-coverage,null,null,null,null,null,null,Kickstart US/iOS: Card/document-type storage intent; adjacent to core vault,null,Offline Card Vault: Holder,"secure,keychain,biometric,storage,keeper,wallet,credit,debit,membership,loyalty,insurance,organizer",not-in-proposed-pack,monitor,retain as a tracked signal without changing the proposed pack; rank or adjacent intent is informative but not a demand measure. Apple Ads monthly/weekly below-reporting-coverage across the queried countries; no popularity value is imputed for missing coverage.,2026-08-26,apple-ads/popularity-by-input.csv;apple-ads/popularity.normalized.json;kickstart/holder_keywords.json
loyalty card wallet,US_search_candidate,US,iOS,US_search_candidate=1,not-source-current-pending,null,null,null,null,null,null,US;GB;IN;CA;AU;DE;FR,2026-07-01..2026-07-31 UTC,US=below-reporting-coverage;GB=below-reporting-coverage;IN=below-reporting-coverage;CA=below-reporting-coverage;AU=below-reporting-coverage;DE=below-reporting-coverage;FR=below-reporting-coverage,null,null,null,null,null,null,2026-08-16..2026-08-22 UTC,US=below-reporting-coverage;GB=below-reporting-coverage;IN=below-reporting-coverage;CA=below-reporting-coverage;AU=below-reporting-coverage;DE=below-reporting-coverage;FR=below-reporting-coverage,null,null,null,null,null,null,GB intent=membership/loyalty/medium; label=reject;US search=id_membership_loyalty/medium; role=adjacent,GB public supply=192; difficulty=57; barrier=19; Holder=unranked;US public supply=49; Holder=unranked,Offline Card Vault: Holder,"secure,keychain,biometric,storage,keeper,wallet,credit,debit,membership,loyalty,insurance,organizer",not-in-proposed-pack,monitor,retain as a tracked signal without changing the proposed pack; rank or adjacent intent is informative but not a demand measure. US public supply=49; Holder=unranked. Apple Ads monthly/weekly below-reporting-coverage across the queried countries; no popularity value is imputed for missing coverage.,2026-08-26,apple-ads/popularity-by-input.csv;apple-ads/popularity.normalized.json;europe/keyword-matrix.csv;us/query-matrix.json
manage card details,US_search_candidate,US,iOS,US_search_candidate=1,not-source-current-pending,null,null,null,null,null,null,US;GB;IN;CA;AU;DE;FR,2026-07-01..2026-07-31 UTC,US=below-reporting-coverage;GB=below-reporting-coverage;IN=below-reporting-coverage;CA=below-reporting-coverage;AU=below-reporting-coverage;DE=below-reporting-coverage;FR=below-reporting-coverage,null,null,null,null,null,null,2026-08-16..2026-08-22 UTC,US=below-reporting-coverage;GB=below-reporting-coverage;IN=below-reporting-coverage;CA=below-reporting-coverage;AU=below-reporting-coverage;DE=below-reporting-coverage;FR=below-reporting-coverage,null,null,null,null,null,null,US search=core_job/high; role=direct,US public supply=39; Holder=unranked,Offline Card Vault: Holder,"secure,keychain,biometric,storage,keeper,wallet,credit,debit,membership,loyalty,insurance,organizer",not-in-proposed-pack,keyword-test,"plausible future discovery candidate with product fit, but current evidence is not enough to add it to the full 99-byte pack. US public supply=39; Holder=unranked. Apple Ads monthly/weekly below-reporting-coverage across the queried countries; no popularity value is imputed for missing coverage.",2026-08-26,apple-ads/popularity-by-input.csv;apple-ads/popularity.normalized.json;us/query-matrix.json
manager,Kickstart,US,iOS,Kickstart=1,not-source-current-pending,US/iOS:69,US/iOS=unranked,US/iOS=no rank history,US/iOS=4/5,US/iOS=5/5,null,US;GB;IN;CA;AU;DE;FR,2026-07-01..2026-07-31 UTC,US=below-reporting-coverage;GB=below-reporting-coverage;IN=below-reporting-coverage;CA=below-reporting-coverage;AU=below-reporting-coverage;DE=below-reporting-coverage;FR=below-reporting-coverage,null,null,null,null,null,null,2026-08-16..2026-08-22 UTC,US=below-reporting-coverage;GB=below-reporting-coverage;IN=below-reporting-coverage;CA=below-reporting-coverage;AU=below-reporting-coverage;DE=below-reporting-coverage;FR=below-reporting-coverage,null,null,null,null,null,null,Kickstart US/iOS: Broad or ambiguous single-term intent,null,Offline Card Vault: Holder,"secure,keychain,biometric,storage,keeper,wallet,credit,debit,membership,loyalty,insurance,organizer",not-in-proposed-pack,reject,"broad password-manager, finance, or wallet discovery is not Holder’s focused card-vault job. Apple Ads monthly/weekly below-reporting-coverage across the queried countries; no popularity value is imputed for missing coverage.",2026-08-26,apple-ads/popularity-by-input.csv;apple-ads/popularity.normalized.json;kickstart/holder_keywords.json
membership,current_pending_en-US,US,iOS,current_pending_en-US=1,source-current-pending-en-US,null,null,null,null,null,null,US;GB;IN;CA;AU;DE;FR,2026-07-01..2026-07-31 UTC,US=below-reporting-coverage;GB=below-reporting-coverage;IN=below-reporting-coverage;CA=below-reporting-coverage;AU=below-reporting-coverage;DE=below-reporting-coverage;FR=below-reporting-coverage,null,null,null,null,null,null,2026-08-16..2026-08-22 UTC,US=below-reporting-coverage;GB=below-reporting-coverage;IN=below-reporting-coverage;CA=below-reporting-coverage;AU=below-reporting-coverage;DE=below-reporting-coverage;FR=below-reporting-coverage,null,null,null,null,null,null,source current pending en-US keyword field,null,Offline Card Vault: Holder,"secure,keychain,biometric,storage,keeper,wallet,credit,debit,membership,loyalty,insurance,organizer",in-proposed-pack,keyword-keep,fits the proposed token pack and Holder’s supported card-storage story; missing popularity is not zero demand. Apple Ads monthly/weekly below-reporting-coverage across the queried countries; no popularity value is imputed for missing coverage.,2026-08-26,apple-ads/popularity-by-input.csv;apple-ads/popularity.normalized.json
membership card organizer,IN_CA_AU_search_candidate,IN;CA;AU,iOS,IN_CA_AU_search_candidate=3,not-source-current-pending,null,null,null,null,null,null,US;GB;IN;CA;AU;DE;FR,2026-07-01..2026-07-31 UTC,US=below-reporting-coverage;GB=below-reporting-coverage;IN=below-reporting-coverage;CA=below-reporting-coverage;AU=below-reporting-coverage;DE=below-reporting-coverage;FR=below-reporting-coverage,null,null,null,null,null,null,2026-08-16..2026-08-22 UTC,US=below-reporting-coverage;GB=below-reporting-coverage;IN=below-reporting-coverage;CA=below-reporting-coverage;AU=below-reporting-coverage;DE=below-reporting-coverage;FR=below-reporting-coverage,null,null,null,null,null,null,"AU intent=Adjacent supported storage, but loyalty, pass, and branded-membership intent dominates; label=Qualified easy;CA intent=Adjacent supported storage, but loyalty, pass, and branded-membership intent dominates; label=Defer;IN intent=Adjacent supported storage, but loyalty, pass, and branded-membership intent dominates; label=Defer",AU public supply=168; public_pos=unranked; difficulty=34; barrier=18; Holder=not ranked;CA public supply=174; public_pos=unranked; difficulty=35; barrier=56; Holder=not ranked;IN public supply=55; public_pos=unranked; difficulty=42; barrier=0; Holder=not ranked,Offline Card Vault: Holder,"secure,keychain,biometric,storage,keeper,wallet,credit,debit,membership,loyalty,insurance,organizer",not-in-proposed-pack,monitor,retain as a tracked signal without changing the proposed pack; rank or adjacent intent is informative but not a demand measure. IN public supply=55; public_pos=unranked; difficulty=42; barrier=0; Holder=not ranked. Apple Ads monthly/weekly below-reporting-coverage across the queried countries; no popularity value is imputed for missing coverage.,2026-08-26,anglo-india/raw-query-matrix.csv;apple-ads/popularity-by-input.csv;apple-ads/popularity.normalized.json
membership card storage,Kickstart,US,iOS,Kickstart=1,not-source-current-pending,US/iOS:70,US/iOS=#105,US/iOS=#104->#105 (dropped; 2026-08-01..2026-08-26),US/iOS=4/5,US/iOS=1/5,2026-08-01..2026-08-26,US;GB;IN;CA;AU;DE;FR,2026-07-01..2026-07-31 UTC,US=below-reporting-coverage;GB=below-reporting-coverage;IN=below-reporting-coverage;CA=below-reporting-coverage;AU=below-reporting-coverage;DE=below-reporting-coverage;FR=below-reporting-coverage,null,null,null,null,null,null,2026-08-16..2026-08-22 UTC,US=below-reporting-coverage;GB=below-reporting-coverage;IN=below-reporting-coverage;CA=below-reporting-coverage;AU=below-reporting-coverage;DE=below-reporting-coverage;FR=below-reporting-coverage,null,null,null,null,null,null,Kickstart US/iOS: Card/document-type storage intent; adjacent to core vault,null,Offline Card Vault: Holder,"secure,keychain,biometric,storage,keeper,wallet,credit,debit,membership,loyalty,insurance,organizer",not-in-proposed-pack,monitor,retain as a tracked signal without changing the proposed pack; rank or adjacent intent is informative but not a demand measure. Apple Ads monthly/weekly below-reporting-coverage across the queried countries; no popularity value is imputed for missing coverage.,2026-08-26,apple-ads/popularity-by-input.csv;apple-ads/popularity.normalized.json;kickstart/holder_keywords.json
membership card vault,Kickstart,US,iOS,Kickstart=1,not-source-current-pending,US/iOS:71,US/iOS=#125,US/iOS=#125->#125 (unchanged; 2026-08-01..2026-08-26),US/iOS=3/5,US/iOS=3/5,2026-08-01..2026-08-26,US;GB;IN;CA;AU;DE;FR,2026-07-01..2026-07-31 UTC,US=below-reporting-coverage;GB=below-reporting-coverage;IN=below-reporting-coverage;CA=below-reporting-coverage;AU=below-reporting-coverage;DE=below-reporting-coverage;FR=below-reporting-coverage,null,null,null,null,null,null,2026-08-16..2026-08-22 UTC,US=below-reporting-coverage;GB=below-reporting-coverage;IN=below-reporting-coverage;CA=below-reporting-coverage;AU=below-reporting-coverage;DE=below-reporting-coverage;FR=below-reporting-coverage,null,null,null,null,null,null,Kickstart US/iOS: Card/document-type storage intent; adjacent to core vault,null,Offline Card Vault: Holder,"secure,keychain,biometric,storage,keeper,wallet,credit,debit,membership,loyalty,insurance,organizer",not-in-proposed-pack,monitor,retain as a tracked signal without changing the proposed pack; rank or adjacent intent is informative but not a demand measure. Apple Ads monthly/weekly below-reporting-coverage across the queried countries; no popularity value is imputed for missing coverage.,2026-08-26,apple-ads/popularity-by-input.csv;apple-ads/popularity.normalized.json;kickstart/holder_keywords.json
membership card wallet,US_search_candidate,US,iOS,US_search_candidate=1,not-source-current-pending,null,null,null,null,null,null,US;GB;IN;CA;AU;DE;FR,2026-07-01..2026-07-31 UTC,US=below-reporting-coverage;GB=below-reporting-coverage;IN=below-reporting-coverage;CA=below-reporting-coverage;AU=below-reporting-coverage;DE=below-reporting-coverage;FR=below-reporting-coverage,null,null,null,null,null,null,2026-08-16..2026-08-22 UTC,US=below-reporting-coverage;GB=below-reporting-coverage;IN=below-reporting-coverage;CA=below-reporting-coverage;AU=below-reporting-coverage;DE=below-reporting-coverage;FR=below-reporting-coverage,null,null,null,null,null,null,GB intent=membership/loyalty/medium; label=reject;US search=id_membership_loyalty/medium; role=adjacent,GB public supply=176; difficulty=44; barrier=17; Holder=unranked;US public supply=50; Holder=unranked,Offline Card Vault: Holder,"secure,keychain,biometric,storage,keeper,wallet,credit,debit,membership,loyalty,insurance,organizer",not-in-proposed-pack,monitor,retain as a tracked signal without changing the proposed pack; rank or adjacent intent is informative but not a demand measure. US public supply=50; Holder=unranked. Apple Ads monthly/weekly below-reporting-coverage across the queried countries; no popularity value is imputed for missing coverage.,2026-08-26,apple-ads/popularity-by-input.csv;apple-ads/popularity.normalized.json;europe/keyword-matrix.csv;us/query-matrix.json
mitgliederkarte speichern,FR_DE_GB_search_candidate,DE,iOS,FR_DE_GB_search_candidate=1,not-source-current-pending,null,null,null,null,null,null,US;GB;IN;CA;AU;DE;FR,2026-07-01..2026-07-31 UTC,US=below-reporting-coverage;GB=below-reporting-coverage;IN=below-reporting-coverage;CA=below-reporting-coverage;AU=below-reporting-coverage;DE=below-reporting-coverage;FR=below-reporting-coverage,null,null,null,null,null,null,2026-08-16..2026-08-22 UTC,US=below-reporting-coverage;GB=below-reporting-coverage;IN=below-reporting-coverage;CA=below-reporting-coverage;AU=below-reporting-coverage;DE=below-reporting-coverage;FR=below-reporting-coverage,null,null,null,null,null,null,DE intent=membership/loyalty/medium; label=easy-demand-unknown,DE public supply=2; difficulty=0; barrier=0; Holder=unranked,Offline Card Vault: Holder,"secure,keychain,biometric,storage,keeper,wallet,credit,debit,membership,loyalty,insurance,organizer",not-in-proposed-pack,localized-test-after-native-review,"relevant localized storage or card workflow candidate, but the machine-assisted phrasing needs native review and sparse supply is not demand. DE public supply=2; difficulty=0; barrier=0; Holder=unranked. Apple Ads monthly/weekly below-reporting-coverage across the queried countries; no popularity value is imputed for missing coverage.",2026-08-26,apple-ads/popularity-by-input.csv;apple-ads/popularity.normalized.json;europe/keyword-matrix.csv
no account card wallet,US_search_candidate,US,iOS,US_search_candidate=1,not-source-current-pending,null,null,null,null,null,null,US;GB;IN;CA;AU;DE;FR,2026-07-01..2026-07-31 UTC,US=below-reporting-coverage;GB=below-reporting-coverage;IN=below-reporting-coverage;CA=below-reporting-coverage;AU=below-reporting-coverage;DE=below-reporting-coverage;FR=below-reporting-coverage,null,null,null,null,null,null,2026-08-16..2026-08-22 UTC,US=below-reporting-coverage;GB=below-reporting-coverage;IN=below-reporting-coverage;CA=below-reporting-coverage;AU=below-reporting-coverage;DE=below-reporting-coverage;FR=below-reporting-coverage,null,null,null,null,null,null,US search=privacy_offline/high; role=direct,US public supply=49; Holder=unranked,Offline Card Vault: Holder,"secure,keychain,biometric,storage,keeper,wallet,credit,debit,membership,loyalty,insurance,organizer",not-in-proposed-pack,keyword-test,"plausible future discovery candidate with product fit, but current evidence is not enough to add it to the full 99-byte pack. US public supply=49; Holder=unranked. Apple Ads monthly/weekly below-reporting-coverage across the queried countries; no popularity value is imputed for missing coverage.",2026-08-26,apple-ads/popularity-by-input.csv;apple-ads/popularity.normalized.json;us/query-matrix.json
no bank link wallet,US_search_candidate,US,iOS,US_search_candidate=1,not-source-current-pending,null,null,null,null,null,null,US;GB;IN;CA;AU;DE;FR,2026-07-01..2026-07-31 UTC,US=below-reporting-coverage;GB=below-reporting-coverage;IN=below-reporting-coverage;CA=below-reporting-coverage;AU=below-reporting-coverage;DE=below-reporting-coverage;FR=below-reporting-coverage,null,null,null,null,null,null,2026-08-16..2026-08-22 UTC,US=below-reporting-coverage;GB=below-reporting-coverage;IN=below-reporting-coverage;CA=below-reporting-coverage;AU=below-reporting-coverage;DE=below-reporting-coverage;FR=below-reporting-coverage,null,null,null,null,null,null,US search=privacy_offline/high; role=direct,US public supply=46; Holder=unranked,Offline Card Vault: Holder,"secure,keychain,biometric,storage,keeper,wallet,credit,debit,membership,loyalty,insurance,organizer",not-in-proposed-pack,keyword-test,"plausible future discovery candidate with product fit, but current evidence is not enough to add it to the full 99-byte pack. US public supply=46; Holder=unranked. Apple Ads monthly/weekly below-reporting-coverage across the queried countries; no popularity value is imputed for missing coverage.",2026-08-26,apple-ads/popularity-by-input.csv;apple-ads/popularity.normalized.json;us/query-matrix.json
offline card keeper,Kickstart,US,iOS,Kickstart=1,not-source-current-pending,US/iOS:72,US/iOS=#7,US/iOS=#10->#7 (improved; 2026-08-01..2026-08-26),US/iOS=4/5,US/iOS=4/5,2026-08-01..2026-08-26,US;GB;IN;CA;AU;DE;FR,2026-07-01..2026-07-31 UTC,US=below-reporting-coverage;GB=below-reporting-coverage;IN=below-reporting-coverage;CA=below-reporting-coverage;AU=below-reporting-coverage;DE=below-reporting-coverage;FR=below-reporting-coverage,null,null,null,null,null,null,2026-08-16..2026-08-22 UTC,US=below-reporting-coverage;GB=below-reporting-coverage;IN=below-reporting-coverage;CA=below-reporting-coverage;AU=below-reporting-coverage;DE=below-reporting-coverage;FR=below-reporting-coverage,null,null,null,null,null,null,Kickstart US/iOS: Secure/offline card-vault intent; strong product fit,null,Offline Card Vault: Holder,"secure,keychain,biometric,storage,keeper,wallet,credit,debit,membership,loyalty,insurance,organizer",not-in-proposed-pack,monitor,retain as a tracked signal without changing the proposed pack; rank or adjacent intent is informative but not a demand measure. Apple Ads monthly/weekly below-reporting-coverage across the queried countries; no popularity value is imputed for missing coverage.,2026-08-26,apple-ads/popularity-by-input.csv;apple-ads/popularity.normalized.json;kickstart/holder_keywords.json
offline card scanner,Kickstart,US,iOS,Kickstart=1,not-source-current-pending,US/iOS:73,US/iOS=unranked,US/iOS=no rank history,US/iOS=3/5,US/iOS=5/5,null,US;GB;IN;CA;AU;DE;FR,2026-07-01..2026-07-31 UTC,US=below-reporting-coverage;GB=below-reporting-coverage;IN=below-reporting-coverage;CA=below-reporting-coverage;AU=below-reporting-coverage;DE=below-reporting-coverage;FR=below-reporting-coverage,null,null,null,null,null,null,2026-08-16..2026-08-22 UTC,US=below-reporting-coverage;GB=below-reporting-coverage;IN=below-reporting-coverage;CA=below-reporting-coverage;AU=below-reporting-coverage;DE=below-reporting-coverage;FR=below-reporting-coverage,null,null,null,null,null,null,Kickstart US/iOS: Card scanning intent; aligned with Holder's on-device scanner,null,Offline Card Vault: Holder,"secure,keychain,biometric,storage,keeper,wallet,credit,debit,membership,loyalty,insurance,organizer",not-in-proposed-pack,conversion-copy,"valid feature language, but card-scanner evidence is dominated by TCG, business-card, document, or identity-scanner intent. Apple Ads monthly/weekly below-reporting-coverage across the queried countries; no popularity value is imputed for missing coverage.",2026-08-26,apple-ads/popularity-by-input.csv;apple-ads/popularity.normalized.json;kickstart/holder_keywords.json
offline card storage,Kickstart;IN_CA_AU_search_candidate,US;IN;CA;AU,iOS,Kickstart=1;IN_CA_AU_search_candidate=3,not-source-current-pending,US/iOS:74,US/iOS=#4,US/iOS=#2->#4 (dropped; 2026-08-01..2026-08-26),US/iOS=2/5,US/iOS=3/5,2026-08-01..2026-08-26,US;GB;IN;CA;AU;DE;FR,2026-07-01..2026-07-31 UTC,US=below-reporting-coverage;GB=below-reporting-coverage;IN=below-reporting-coverage;CA=below-reporting-coverage;AU=below-reporting-coverage;DE=below-reporting-coverage;FR=below-reporting-coverage,null,null,null,null,null,null,2026-08-16..2026-08-22 UTC,US=below-reporting-coverage;GB=below-reporting-coverage;IN=below-reporting-coverage;CA=below-reporting-coverage;AU=below-reporting-coverage;DE=below-reporting-coverage;FR=below-reporting-coverage,null,null,null,null,null,null,"AU intent=High product fit, but offline games, generic storage, and loyalty-card tools add noise; label=Defend;CA intent=High product fit, but offline games, generic storage, and loyalty-card tools add noise; label=Defend;IN intent=High product fit, but offline games, generic storage, and document tools add noise; label=Defend;Kickstart US/iOS: Secure/offline card-vault intent; strong product fit",AU public supply=172; public_pos=14; difficulty=35; barrier=16; Holder=#14;CA public supply=174; public_pos=13; difficulty=37; barrier=10; Holder=#13;IN public supply=27; public_pos=5; difficulty=47; barrier=0; Holder=#5,Offline Card Vault: Holder,"secure,keychain,biometric,storage,keeper,wallet,credit,debit,membership,loyalty,insurance,organizer",not-in-proposed-pack,monitor,retain as a tracked signal without changing the proposed pack; rank or adjacent intent is informative but not a demand measure. IN public supply=27; public_pos=5; difficulty=47; barrier=0; Holder=#5. Apple Ads monthly/weekly below-reporting-coverage across the queried countries; no popularity value is imputed for missing coverage.,2026-08-26,anglo-india/raw-query-matrix.csv;apple-ads/popularity-by-input.csv;apple-ads/popularity.normalized.json;kickstart/holder_keywords.json
offline card vault,Kickstart;FR_DE_GB_search_candidate,US;GB;DE;FR,iOS,Kickstart=3;FR_DE_GB_search_candidate=3,not-source-current-pending,US/iOS:77;DE/iOS:76;FR/iOS:75,US/iOS=#1;DE/iOS=#1;FR/iOS=#1,US/iOS=#1->#1 (unchanged; 2026-08-01..2026-08-26);DE/iOS=#2->#1 (improved; 2026-08-01..2026-08-26);FR/iOS=#1->#1 (unchanged; 2026-08-01..2026-08-26),US/iOS=3/5;DE/iOS=2/5;FR/iOS=2/5,US/iOS=4/5;DE/iOS=1/5;FR/iOS=1/5,2026-08-01..2026-08-26,US;GB;IN;CA;AU;DE;FR,2026-07-01..2026-07-31 UTC,US=below-reporting-coverage;GB=below-reporting-coverage;IN=below-reporting-coverage;CA=below-reporting-coverage;AU=below-reporting-coverage;DE=below-reporting-coverage;FR=below-reporting-coverage,null,null,null,null,null,null,2026-08-16..2026-08-22 UTC,US=below-reporting-coverage;GB=below-reporting-coverage;IN=below-reporting-coverage;CA=below-reporting-coverage;AU=below-reporting-coverage;DE=below-reporting-coverage;FR=below-reporting-coverage,null,null,null,null,null,null,DE intent=vault/storage/high; label=defend;FR intent=vault/storage/high; label=defend;GB intent=vault/storage/high; label=defend;Kickstart DE/iOS: Secure/offline card-vault intent; strong product fit;Kickstart FR/iOS: Secure/offline card-vault intent; strong product fit;Kickstart US/iOS: Secure/offline card-vault intent; strong product fit,DE public supply=53; difficulty=21; barrier=12; Holder=1;FR public supply=47; difficulty=24; barrier=0; Holder=1;GB public supply=192; difficulty=31; barrier=22; Holder=1,Offline Card Vault: Holder,"secure,keychain,biometric,storage,keeper,wallet,credit,debit,membership,loyalty,insurance,organizer",title-phrase,title-defend,strongest observed title phrase; defend the existing title and do not replace it with an unproven variant. FR public supply=47; difficulty=24; barrier=0; Holder=1. Apple Ads monthly/weekly below-reporting-coverage across the queried countries; no popularity value is imputed for missing coverage.,2026-08-26,apple-ads/popularity-by-input.csv;apple-ads/popularity.normalized.json;europe/keyword-matrix.csv;kickstart/holder_keywords.json
offline card wallet,Kickstart;US_search_candidate,US,iOS,Kickstart=1;US_search_candidate=1,not-source-current-pending,US/iOS:78,US/iOS=#7,US/iOS=#4->#7 (dropped; 2026-08-01..2026-08-26),US/iOS=3/5,US/iOS=4/5,2026-08-01..2026-08-26,US;GB;IN;CA;AU;DE;FR,2026-07-01..2026-07-31 UTC,US=below-reporting-coverage;GB=below-reporting-coverage;IN=below-reporting-coverage;CA=below-reporting-coverage;AU=below-reporting-coverage;DE=below-reporting-coverage;FR=below-reporting-coverage,null,null,null,null,null,null,2026-08-16..2026-08-22 UTC,US=below-reporting-coverage;GB=below-reporting-coverage;IN=below-reporting-coverage;CA=below-reporting-coverage;AU=below-reporting-coverage;DE=below-reporting-coverage;FR=below-reporting-coverage,null,null,null,null,null,null,Kickstart US/iOS: Secure/offline card-vault intent; strong product fit;US search=privacy_offline/high; role=direct,US public supply=49; Holder=#7,Offline Card Vault: Holder,"secure,keychain,biometric,storage,keeper,wallet,credit,debit,membership,loyalty,insurance,organizer",not-in-proposed-pack,monitor,retain as a tracked signal without changing the proposed pack; rank or adjacent intent is informative but not a demand measure. US public supply=49; Holder=#7. Apple Ads monthly/weekly below-reporting-coverage across the queried countries; no popularity value is imputed for missing coverage.,2026-08-26,apple-ads/popularity-by-input.csv;apple-ads/popularity.normalized.json;kickstart/holder_keywords.json;us/query-matrix.json
offline credit card organizer,US_search_candidate,US,iOS,US_search_candidate=1,not-source-current-pending,null,null,null,null,null,null,US;GB;IN;CA;AU;DE;FR,2026-07-01..2026-07-31 UTC,US=below-reporting-coverage;GB=below-reporting-coverage;IN=below-reporting-coverage;CA=below-reporting-coverage;AU=below-reporting-coverage;DE=below-reporting-coverage;FR=below-reporting-coverage,null,null,null,null,null,null,2026-08-16..2026-08-22 UTC,US=below-reporting-coverage;GB=below-reporting-coverage;IN=below-reporting-coverage;CA=below-reporting-coverage;AU=below-reporting-coverage;DE=below-reporting-coverage;FR=below-reporting-coverage,null,null,null,null,null,null,US search=compound/high; role=direct,US public supply=44; Holder=unranked,Offline Card Vault: Holder,"secure,keychain,biometric,storage,keeper,wallet,credit,debit,membership,loyalty,insurance,organizer",not-in-proposed-pack,keyword-test,"plausible future discovery candidate with product fit, but current evidence is not enough to add it to the full 99-byte pack. US public supply=44; Holder=unranked. Apple Ads monthly/weekly below-reporting-coverage across the queried countries; no popularity value is imputed for missing coverage.",2026-08-26,apple-ads/popularity-by-input.csv;apple-ads/popularity.normalized.json;us/query-matrix.json
offlinestorage,Kickstart,US;IN,iOS;macOS,Kickstart=3,not-source-current-pending,US/iOS:80;US/macOS:81;IN/iOS:79,US/iOS=#104;US/macOS=#9;IN/iOS=#1,US/iOS=#98->#104 (dropped; 2026-07-30..2026-08-26);US/macOS=#7->#9 (dropped; 2026-07-30..2026-08-26);IN/iOS=#1->#1 (unchanged; 2026-07-30..2026-08-26),US/iOS=3/5;US/macOS=2/5;IN/iOS=1/5,US/iOS=4/5;US/macOS=1/5;IN/iOS=1/5,2026-07-30..2026-08-26,US;GB;IN;CA;AU;DE;FR,2026-07-01..2026-07-31 UTC,US=below-reporting-coverage;GB=below-reporting-coverage;IN=below-reporting-coverage;CA=below-reporting-coverage;AU=below-reporting-coverage;DE=below-reporting-coverage;FR=below-reporting-coverage,null,null,null,null,null,null,2026-08-16..2026-08-22 UTC,US=below-reporting-coverage;GB=below-reporting-coverage;IN=below-reporting-coverage;CA=below-reporting-coverage;AU=below-reporting-coverage;DE=below-reporting-coverage;FR=below-reporting-coverage,null,null,null,null,null,null,Kickstart IN/iOS: Secure/offline card-vault intent; strong product fit;Kickstart US/iOS: Secure/offline card-vault intent; strong product fit;Kickstart US/macOS: Secure/offline card-vault intent; strong product fit,null,Offline Card Vault: Holder,"secure,keychain,biometric,storage,keeper,wallet,credit,debit,membership,loyalty,insurance,organizer",not-in-proposed-pack,monitor,retain as a tracked signal without changing the proposed pack; rank or adjacent intent is informative but not a demand measure. Apple Ads monthly/weekly below-reporting-coverage across the queried countries; no popularity value is imputed for missing coverage.,2026-08-26,apple-ads/popularity-by-input.csv;apple-ads/popularity.normalized.json;kickstart/holder_keywords.json
organizer,current_pending_en-US,US,iOS,current_pending_en-US=1,source-current-pending-en-US,null,null,null,null,null,null,US;GB;IN;CA;AU;DE;FR,2026-07-01..2026-07-31 UTC,US=below-reporting-coverage;GB=below-reporting-coverage;IN=below-reporting-coverage;CA=below-reporting-coverage;AU=below-reporting-coverage;DE=below-reporting-coverage;FR=below-reporting-coverage,null,null,null,null,null,null,2026-08-16..2026-08-22 UTC,US=below-reporting-coverage;GB=below-reporting-coverage;IN=below-reporting-coverage;CA=below-reporting-coverage;AU=below-reporting-coverage;DE=below-reporting-coverage;FR=below-reporting-coverage,null,null,null,null,null,null,source current pending en-US keyword field,null,Offline Card Vault: Holder,"secure,keychain,biometric,storage,keeper,wallet,credit,debit,membership,loyalty,insurance,organizer",in-proposed-pack,keyword-keep,fits the proposed token pack and Holder’s supported card-storage story; missing popularity is not zero demand. Apple Ads monthly/weekly below-reporting-coverage across the queried countries; no popularity value is imputed for missing coverage.,2026-08-26,apple-ads/popularity-by-input.csv;apple-ads/popularity.normalized.json
password,Kickstart,US,iOS,Kickstart=1,not-source-current-pending,US/iOS:82,US/iOS=unranked,US/iOS=no rank history,US/iOS=5/5,US/iOS=5/5,null,US;GB;IN;CA;AU;DE;FR,2026-07-01..2026-07-31 UTC,US=matched;GB=matched;IN=matched;CA=matched;AU=matched;DE=below-reporting-coverage;FR=below-reporting-coverage,64,4,US,PRODUCTIVITY_UTILITIES,PRODUCTIVITY_UTILITIES,US=64/4/PRODUCTIVITY_UTILITIES#212;GB=61/4/PRODUCTIVITY_UTILITIES#235;IN=56/3/PRODUCTIVITY_UTILITIES#328;CA=58/3/PRODUCTIVITY_UTILITIES#235;AU=56/3/PRODUCTIVITY_UTILITIES#365,2026-08-16..2026-08-22 UTC,US=matched;GB=matched;IN=matched;CA=matched;AU=matched;DE=below-reporting-coverage;FR=below-reporting-coverage,61,4,US,PRODUCTIVITY_UTILITIES,PRODUCTIVITY_UTILITIES,US=61/4/PRODUCTIVITY_UTILITIES#229;GB=57/3/PRODUCTIVITY_UTILITIES#215;IN=52/3/PRODUCTIVITY_UTILITIES#316;CA=54/3/PRODUCTIVITY_UTILITIES#213;AU=51/3/PRODUCTIVITY_UTILITIES#341,Kickstart US/iOS: Broad or ambiguous single-term intent,null,Offline Card Vault: Holder,"secure,keychain,biometric,storage,keeper,wallet,credit,debit,membership,loyalty,insurance,organizer",not-in-proposed-pack,reject,"broad password-manager, finance, or wallet discovery is not Holder’s focused card-vault job. Apple Ads monthly max 64/100, weekly max 61/100; unmatched cells remain below-reporting-coverage; no popularity value is imputed for missing coverage.",2026-08-26,apple-ads/popularity-by-input.csv;apple-ads/popularity.normalized.json;kickstart/holder_keywords.json
payment card vault,Kickstart,US,iOS,Kickstart=1,not-source-current-pending,US/iOS:83,US/iOS=unranked,US/iOS=no rank history,US/iOS=4/5,US/iOS=4/5,null,US;GB;IN;CA;AU;DE;FR,2026-07-01..2026-07-31 UTC,US=below-reporting-coverage;GB=below-reporting-coverage;IN=below-reporting-coverage;CA=below-reporting-coverage;AU=below-reporting-coverage;DE=below-reporting-coverage;FR=below-reporting-coverage,null,null,null,null,null,null,2026-08-16..2026-08-22 UTC,US=below-reporting-coverage;GB=below-reporting-coverage;IN=below-reporting-coverage;CA=below-reporting-coverage;AU=below-reporting-coverage;DE=below-reporting-coverage;FR=below-reporting-coverage,null,null,null,null,null,null,Kickstart US/iOS: Card-vault/storage intent; strong product fit,null,Offline Card Vault: Holder,"secure,keychain,biometric,storage,keeper,wallet,credit,debit,membership,loyalty,insurance,organizer",not-in-proposed-pack,keyword-test,"plausible future discovery candidate with product fit, but current evidence is not enough to add it to the full 99-byte pack. Apple Ads monthly/weekly below-reporting-coverage across the queried countries; no popularity value is imputed for missing coverage.",2026-08-26,apple-ads/popularity-by-input.csv;apple-ads/popularity.normalized.json;kickstart/holder_keywords.json
payment card wallet,Kickstart,US,iOS,Kickstart=1,not-source-current-pending,US/iOS:84,US/iOS=unranked,US/iOS=no rank history,US/iOS=5/5,US/iOS=4/5,null,US;GB;IN;CA;AU;DE;FR,2026-07-01..2026-07-31 UTC,US=below-reporting-coverage;GB=below-reporting-coverage;IN=below-reporting-coverage;CA=below-reporting-coverage;AU=below-reporting-coverage;DE=below-reporting-coverage;FR=below-reporting-coverage,null,null,null,null,null,null,2026-08-16..2026-08-22 UTC,US=below-reporting-coverage;GB=below-reporting-coverage;IN=below-reporting-coverage;CA=below-reporting-coverage;AU=below-reporting-coverage;DE=below-reporting-coverage;FR=below-reporting-coverage,null,null,null,null,null,null,Kickstart US/iOS: Card-vault/storage intent; strong product fit,null,Offline Card Vault: Holder,"secure,keychain,biometric,storage,keeper,wallet,credit,debit,membership,loyalty,insurance,organizer",not-in-proposed-pack,keyword-test,"plausible future discovery candidate with product fit, but current evidence is not enough to add it to the full 99-byte pack. Apple Ads monthly/weekly below-reporting-coverage across the queried countries; no popularity value is imputed for missing coverage.",2026-08-26,apple-ads/popularity-by-input.csv;apple-ads/popularity.normalized.json;kickstart/holder_keywords.json
portefeuille carte identité,FR_DE_GB_search_candidate,FR,iOS,FR_DE_GB_search_candidate=1,not-source-current-pending,null,null,null,null,null,null,US;GB;IN;CA;AU;DE;FR,2026-07-01..2026-07-31 UTC,US=below-reporting-coverage;GB=below-reporting-coverage;IN=below-reporting-coverage;CA=below-reporting-coverage;AU=below-reporting-coverage;DE=below-reporting-coverage;FR=below-reporting-coverage,null,null,null,null,null,null,2026-08-16..2026-08-22 UTC,US=below-reporting-coverage;GB=below-reporting-coverage;IN=below-reporting-coverage;CA=below-reporting-coverage;AU=below-reporting-coverage;DE=below-reporting-coverage;FR=below-reporting-coverage,null,null,null,null,null,null,FR intent=ID/medium-high; label=easy-demand-unknown,FR public supply=8; difficulty=11; barrier=0; Holder=unranked,Offline Card Vault: Holder,"secure,keychain,biometric,storage,keeper,wallet,credit,debit,membership,loyalty,insurance,organizer",not-in-proposed-pack,localized-test-after-native-review,"relevant localized storage or card workflow candidate, but the machine-assisted phrasing needs native review and sparse supply is not demand. FR public supply=8; difficulty=11; barrier=0; Holder=unranked. Apple Ads monthly/weekly below-reporting-coverage across the queried countries; no popularity value is imputed for missing coverage.",2026-08-26,apple-ads/popularity-by-input.csv;apple-ads/popularity.normalized.json;europe/keyword-matrix.csv
privacy card manager,US_search_candidate,US,iOS,US_search_candidate=1,not-source-current-pending,null,null,null,null,null,null,US;GB;IN;CA;AU;DE;FR,2026-07-01..2026-07-31 UTC,US=below-reporting-coverage;GB=below-reporting-coverage;IN=below-reporting-coverage;CA=below-reporting-coverage;AU=below-reporting-coverage;DE=below-reporting-coverage;FR=below-reporting-coverage,null,null,null,null,null,null,2026-08-16..2026-08-22 UTC,US=below-reporting-coverage;GB=below-reporting-coverage;IN=below-reporting-coverage;CA=below-reporting-coverage;AU=below-reporting-coverage;DE=below-reporting-coverage;FR=below-reporting-coverage,null,null,null,null,null,null,US search=privacy_offline/high; role=direct,US public supply=39; Holder=unranked,Offline Card Vault: Holder,"secure,keychain,biometric,storage,keeper,wallet,credit,debit,membership,loyalty,insurance,organizer",not-in-proposed-pack,keyword-test,"plausible future discovery candidate with product fit, but current evidence is not enough to add it to the full 99-byte pack. US public supply=39; Holder=unranked. Apple Ads monthly/weekly below-reporting-coverage across the queried countries; no popularity value is imputed for missing coverage.",2026-08-26,apple-ads/popularity-by-input.csv;apple-ads/popularity.normalized.json;us/query-matrix.json
private,current_pending_en-US;Kickstart,US,iOS,current_pending_en-US=1;Kickstart=1,source-current-pending-en-US,US/iOS:85,US/iOS=unranked,US/iOS=no rank history,US/iOS=5/5,US/iOS=5/5,null,US;GB;IN;CA;AU;DE;FR,2026-07-01..2026-07-31 UTC,US=below-reporting-coverage;GB=below-reporting-coverage;IN=below-reporting-coverage;CA=below-reporting-coverage;AU=below-reporting-coverage;DE=below-reporting-coverage;FR=below-reporting-coverage,null,null,null,null,null,null,2026-08-16..2026-08-22 UTC,US=below-reporting-coverage;GB=below-reporting-coverage;IN=below-reporting-coverage;CA=below-reporting-coverage;AU=below-reporting-coverage;DE=below-reporting-coverage;FR=below-reporting-coverage,null,null,null,null,null,null,Kickstart US/iOS: Broad or ambiguous single-term intent;source current pending en-US keyword field,null,Offline Card Vault: Holder,"secure,keychain,biometric,storage,keeper,wallet,credit,debit,membership,loyalty,insurance,organizer",source-current-term-conversion-copy,conversion-copy,"useful benefit or feature language for screenshots, promotional text, or description rather than a primary discovery target. Apple Ads monthly/weekly below-reporting-coverage across the queried countries; no popularity value is imputed for missing coverage.",2026-08-26,apple-ads/popularity-by-input.csv;apple-ads/popularity.normalized.json;kickstart/holder_keywords.json
private card keeper,Kickstart,US,iOS,Kickstart=1,not-source-current-pending,US/iOS:86,US/iOS=unranked,US/iOS=no rank history,US/iOS=4/5,US/iOS=4/5,null,US;GB;IN;CA;AU;DE;FR,2026-07-01..2026-07-31 UTC,US=below-reporting-coverage;GB=below-reporting-coverage;IN=below-reporting-coverage;CA=below-reporting-coverage;AU=below-reporting-coverage;DE=below-reporting-coverage;FR=below-reporting-coverage,null,null,null,null,null,null,2026-08-16..2026-08-22 UTC,US=below-reporting-coverage;GB=below-reporting-coverage;IN=below-reporting-coverage;CA=below-reporting-coverage;AU=below-reporting-coverage;DE=below-reporting-coverage;FR=below-reporting-coverage,null,null,null,null,null,null,Kickstart US/iOS: Secure/offline card-vault intent; strong product fit,null,Offline Card Vault: Holder,"secure,keychain,biometric,storage,keeper,wallet,credit,debit,membership,loyalty,insurance,organizer",not-in-proposed-pack,keyword-test,"plausible future discovery candidate with product fit, but current evidence is not enough to add it to the full 99-byte pack. Apple Ads monthly/weekly below-reporting-coverage across the queried countries; no popularity value is imputed for missing coverage.",2026-08-26,apple-ads/popularity-by-input.csv;apple-ads/popularity.normalized.json;kickstart/holder_keywords.json
private card manager,US_search_candidate,US,iOS,US_search_candidate=1,not-source-current-pending,null,null,null,null,null,null,US;GB;IN;CA;AU;DE;FR,2026-07-01..2026-07-31 UTC,US=below-reporting-coverage;GB=below-reporting-coverage;IN=below-reporting-coverage;CA=below-reporting-coverage;AU=below-reporting-coverage;DE=below-reporting-coverage;FR=below-reporting-coverage,null,null,null,null,null,null,2026-08-16..2026-08-22 UTC,US=below-reporting-coverage;GB=below-reporting-coverage;IN=below-reporting-coverage;CA=below-reporting-coverage;AU=below-reporting-coverage;DE=below-reporting-coverage;FR=below-reporting-coverage,null,null,null,null,null,null,US search=compound/high; role=direct,US public supply=39; Holder=unranked,Offline Card Vault: Holder,"secure,keychain,biometric,storage,keeper,wallet,credit,debit,membership,loyalty,insurance,organizer",not-in-proposed-pack,keyword-test,"plausible future discovery candidate with product fit, but current evidence is not enough to add it to the full 99-byte pack. US public supply=39; Holder=unranked. Apple Ads monthly/weekly below-reporting-coverage across the queried countries; no popularity value is imputed for missing coverage.",2026-08-26,apple-ads/popularity-by-input.csv;apple-ads/popularity.normalized.json;us/query-matrix.json
private card vault,Kickstart;IN_CA_AU_search_candidate,US;IN;CA;AU,iOS,Kickstart=1;IN_CA_AU_search_candidate=3,not-source-current-pending,US/iOS:87,US/iOS=#182,US/iOS=unranked->#182 (entered; 2026-08-01..2026-08-26),US/iOS=3/5,US/iOS=3/5,2026-08-01..2026-08-26,US;GB;IN;CA;AU;DE;FR,2026-07-01..2026-07-31 UTC,US=below-reporting-coverage;GB=below-reporting-coverage;IN=below-reporting-coverage;CA=below-reporting-coverage;AU=below-reporting-coverage;DE=below-reporting-coverage;FR=below-reporting-coverage,null,null,null,null,null,null,2026-08-16..2026-08-22 UTC,US=below-reporting-coverage;GB=below-reporting-coverage;IN=below-reporting-coverage;CA=below-reporting-coverage;AU=below-reporting-coverage;DE=below-reporting-coverage;FR=below-reporting-coverage,null,null,null,null,null,null,"AU intent=High product fit, mixed with photo vault, TCG, and generic privacy tools; high entry barrier; label=Defer;CA intent=High product fit, mixed with photo vault, TCG, and generic privacy tools; label=Qualified easy;IN intent=High product fit, mixed with photo vault, TCG, and generic privacy tools; label=Qualified easy;Kickstart US/iOS: Secure/offline card-vault intent; strong product fit",AU public supply=184; public_pos=165; difficulty=27; barrier=52; Holder=#165;CA public supply=185; public_pos=unranked; difficulty=31; barrier=26; Holder=not ranked;IN public supply=64; public_pos=unranked; difficulty=11; barrier=10; Holder=not ranked,Offline Card Vault: Holder,"secure,keychain,biometric,storage,keeper,wallet,credit,debit,membership,loyalty,insurance,organizer",not-in-proposed-pack,keyword-test,"plausible future discovery candidate with product fit, but current evidence is not enough to add it to the full 99-byte pack. IN public supply=64; public_pos=unranked; difficulty=11; barrier=10; Holder=not ranked. Apple Ads monthly/weekly below-reporting-coverage across the queried countries; no popularity value is imputed for missing coverage.",2026-08-26,anglo-india/raw-query-matrix.csv;apple-ads/popularity-by-input.csv;apple-ads/popularity.normalized.json;kickstart/holder_keywords.json
private card wallet,US_search_candidate,US,iOS,US_search_candidate=1,not-source-current-pending,null,null,null,null,null,null,US;GB;IN;CA;AU;DE;FR,2026-07-01..2026-07-31 UTC,US=below-reporting-coverage;GB=below-reporting-coverage;IN=below-reporting-coverage;CA=below-reporting-coverage;AU=below-reporting-coverage;DE=below-reporting-coverage;FR=below-reporting-coverage,null,null,null,null,null,null,2026-08-16..2026-08-22 UTC,US=below-reporting-coverage;GB=below-reporting-coverage;IN=below-reporting-coverage;CA=below-reporting-coverage;AU=below-reporting-coverage;DE=below-reporting-coverage;FR=below-reporting-coverage,null,null,null,null,null,null,US search=privacy_offline/high; role=direct,US public supply=49; Holder=unranked,Offline Card Vault: Holder,"secure,keychain,biometric,storage,keeper,wallet,credit,debit,membership,loyalty,insurance,organizer",not-in-proposed-pack,keyword-test,"plausible future discovery candidate with product fit, but current evidence is not enough to add it to the full 99-byte pack. US public supply=49; Holder=unranked. Apple Ads monthly/weekly below-reporting-coverage across the queried countries; no popularity value is imputed for missing coverage.",2026-08-26,apple-ads/popularity-by-input.csv;apple-ads/popularity.normalized.json;us/query-matrix.json
private vault cards,US_search_candidate,US,iOS,US_search_candidate=1,not-source-current-pending,null,null,null,null,null,null,US;GB;IN;CA;AU;DE;FR,2026-07-01..2026-07-31 UTC,US=below-reporting-coverage;GB=below-reporting-coverage;IN=below-reporting-coverage;CA=below-reporting-coverage;AU=below-reporting-coverage;DE=below-reporting-coverage;FR=below-reporting-coverage,null,null,null,null,null,null,2026-08-16..2026-08-22 UTC,US=below-reporting-coverage;GB=below-reporting-coverage;IN=below-reporting-coverage;CA=below-reporting-coverage;AU=below-reporting-coverage;DE=below-reporting-coverage;FR=below-reporting-coverage,null,null,null,null,null,null,US search=biometric_vault/high; role=direct,US public supply=49; Holder=unranked,Offline Card Vault: Holder,"secure,keychain,biometric,storage,keeper,wallet,credit,debit,membership,loyalty,insurance,organizer",not-in-proposed-pack,keyword-test,"plausible future discovery candidate with product fit, but current evidence is not enough to add it to the full 99-byte pack. US public supply=49; Holder=unranked. Apple Ads monthly/weekly below-reporting-coverage across the queried countries; no popularity value is imputed for missing coverage.",2026-08-26,apple-ads/popularity-by-input.csv;apple-ads/popularity.normalized.json;us/query-matrix.json
rewards card wallet,US_search_candidate,US,iOS,US_search_candidate=1,not-source-current-pending,null,null,null,null,null,null,US;GB;IN;CA;AU;DE;FR,2026-07-01..2026-07-31 UTC,US=below-reporting-coverage;GB=below-reporting-coverage;IN=below-reporting-coverage;CA=below-reporting-coverage;AU=below-reporting-coverage;DE=below-reporting-coverage;FR=below-reporting-coverage,null,null,null,null,null,null,2026-08-16..2026-08-22 UTC,US=below-reporting-coverage;GB=below-reporting-coverage;IN=below-reporting-coverage;CA=below-reporting-coverage;AU=below-reporting-coverage;DE=below-reporting-coverage;FR=below-reporting-coverage,null,null,null,null,null,null,US search=id_membership_loyalty/medium; role=adjacent,US public supply=44; Holder=unranked,Offline Card Vault: Holder,"secure,keychain,biometric,storage,keeper,wallet,credit,debit,membership,loyalty,insurance,organizer",not-in-proposed-pack,reject,rewards optimization is not a supported Holder feature. US public supply=44; Holder=unranked. Apple Ads monthly/weekly below-reporting-coverage across the queried countries; no popularity value is imputed for missing coverage.,2026-08-26,apple-ads/popularity-by-input.csv;apple-ads/popularity.normalized.json;us/query-matrix.json
save credit card info,US_search_candidate,US,iOS,US_search_candidate=1,not-source-current-pending,null,null,null,null,null,null,US;GB;IN;CA;AU;DE;FR,2026-07-01..2026-07-31 UTC,US=below-reporting-coverage;GB=below-reporting-coverage;IN=below-reporting-coverage;CA=below-reporting-coverage;AU=below-reporting-coverage;DE=below-reporting-coverage;FR=below-reporting-coverage,null,null,null,null,null,null,2026-08-16..2026-08-22 UTC,US=below-reporting-coverage;GB=below-reporting-coverage;IN=below-reporting-coverage;CA=below-reporting-coverage;AU=below-reporting-coverage;DE=below-reporting-coverage;FR=below-reporting-coverage,null,null,null,null,null,null,US search=core_job/high; role=direct,US public supply=47; Holder=unranked,Offline Card Vault: Holder,"secure,keychain,biometric,storage,keeper,wallet,credit,debit,membership,loyalty,insurance,organizer",not-in-proposed-pack,keyword-test,"plausible future discovery candidate with product fit, but current evidence is not enough to add it to the full 99-byte pack. US public supply=47; Holder=unranked. Apple Ads monthly/weekly below-reporting-coverage across the queried countries; no popularity value is imputed for missing coverage.",2026-08-26,apple-ads/popularity-by-input.csv;apple-ads/popularity.normalized.json;us/query-matrix.json
scan card wallet,US_search_candidate,US,iOS,US_search_candidate=1,not-source-current-pending,null,null,null,null,null,null,US;GB;IN;CA;AU;DE;FR,2026-07-01..2026-07-31 UTC,US=below-reporting-coverage;GB=below-reporting-coverage;IN=below-reporting-coverage;CA=below-reporting-coverage;AU=below-reporting-coverage;DE=below-reporting-coverage;FR=below-reporting-coverage,null,null,null,null,null,null,2026-08-16..2026-08-22 UTC,US=below-reporting-coverage;GB=below-reporting-coverage;IN=below-reporting-coverage;CA=below-reporting-coverage;AU=below-reporting-coverage;DE=below-reporting-coverage;FR=below-reporting-coverage,null,null,null,null,null,null,US search=card_scanner/high; role=direct,US public supply=47; Holder=unranked,Offline Card Vault: Holder,"secure,keychain,biometric,storage,keeper,wallet,credit,debit,membership,loyalty,insurance,organizer",not-in-proposed-pack,conversion-copy,"useful benefit or feature language for screenshots, promotional text, or description rather than a primary discovery target. US public supply=47; Holder=unranked. Apple Ads monthly/weekly below-reporting-coverage across the queried countries; no popularity value is imputed for missing coverage.",2026-08-26,apple-ads/popularity-by-input.csv;apple-ads/popularity.normalized.json;us/query-matrix.json
scan credit card,US_search_candidate,US,iOS,US_search_candidate=1,not-source-current-pending,null,null,null,null,null,null,US;GB;IN;CA;AU;DE;FR,2026-07-01..2026-07-31 UTC,US=below-reporting-coverage;GB=below-reporting-coverage;IN=below-reporting-coverage;CA=below-reporting-coverage;AU=below-reporting-coverage;DE=below-reporting-coverage;FR=below-reporting-coverage,null,null,null,null,null,null,2026-08-16..2026-08-22 UTC,US=below-reporting-coverage;GB=below-reporting-coverage;IN=below-reporting-coverage;CA=below-reporting-coverage;AU=below-reporting-coverage;DE=below-reporting-coverage;FR=below-reporting-coverage,null,null,null,null,null,null,US search=card_scanner/high; role=direct,US public supply=47; Holder=unranked,Offline Card Vault: Holder,"secure,keychain,biometric,storage,keeper,wallet,credit,debit,membership,loyalty,insurance,organizer",not-in-proposed-pack,conversion-copy,"useful benefit or feature language for screenshots, promotional text, or description rather than a primary discovery target. US public supply=47; Holder=unranked. Apple Ads monthly/weekly below-reporting-coverage across the queried countries; no popularity value is imputed for missing coverage.",2026-08-26,apple-ads/popularity-by-input.csv;apple-ads/popularity.normalized.json;us/query-matrix.json
scan debit card,US_search_candidate,US,iOS,US_search_candidate=1,not-source-current-pending,null,null,null,null,null,null,US;GB;IN;CA;AU;DE;FR,2026-07-01..2026-07-31 UTC,US=below-reporting-coverage;GB=below-reporting-coverage;IN=below-reporting-coverage;CA=below-reporting-coverage;AU=below-reporting-coverage;DE=below-reporting-coverage;FR=below-reporting-coverage,null,null,null,null,null,null,2026-08-16..2026-08-22 UTC,US=below-reporting-coverage;GB=below-reporting-coverage;IN=below-reporting-coverage;CA=below-reporting-coverage;AU=below-reporting-coverage;DE=below-reporting-coverage;FR=below-reporting-coverage,null,null,null,null,null,null,US search=card_scanner/high; role=direct,US public supply=38; Holder=unranked,Offline Card Vault: Holder,"secure,keychain,biometric,storage,keeper,wallet,credit,debit,membership,loyalty,insurance,organizer",not-in-proposed-pack,conversion-copy,"useful benefit or feature language for screenshots, promotional text, or description rather than a primary discovery target. US public supply=38; Holder=unranked. Apple Ads monthly/weekly below-reporting-coverage across the queried countries; no popularity value is imputed for missing coverage.",2026-08-26,apple-ads/popularity-by-input.csv;apple-ads/popularity.normalized.json;us/query-matrix.json
scanner,current_pending_en-US,US,iOS,current_pending_en-US=1,source-current-pending-en-US,null,null,null,null,null,null,US;GB;IN;CA;AU;DE;FR,2026-07-01..2026-07-31 UTC,US=matched;GB=matched;IN=matched;CA=matched;AU=matched;DE=matched;FR=matched,64,4,US,PRODUCTIVITY_UTILITIES,PRODUCTIVITY_UTILITIES,US=64/4/PRODUCTIVITY_UTILITIES#204;GB=57/3/PRODUCTIVITY_UTILITIES#409;IN=60/4/PRODUCTIVITY_UTILITIES#169;CA=63/4/PRODUCTIVITY_UTILITIES#109;AU=57/3/PRODUCTIVITY_UTILITIES#320;DE=59/3/PRODUCTIVITY_UTILITIES#323;FR=63/4/PRODUCTIVITY_UTILITIES#188,2026-08-16..2026-08-22 UTC,US=matched;GB=matched;IN=matched;CA=matched;AU=matched;DE=matched;FR=matched,61,4,US,PRODUCTIVITY_UTILITIES,PRODUCTIVITY_UTILITIES,US=61/4/PRODUCTIVITY_UTILITIES#217;GB=51/3/PRODUCTIVITY_UTILITIES#465;IN=56/3/PRODUCTIVITY_UTILITIES#172;CA=59/3/PRODUCTIVITY_UTILITIES#106;AU=54/3/PRODUCTIVITY_UTILITIES#264;DE=55/3/PRODUCTIVITY_UTILITIES#340;FR=57/3/PRODUCTIVITY_UTILITIES#223,source current pending en-US keyword field,null,Offline Card Vault: Holder,"secure,keychain,biometric,storage,keeper,wallet,credit,debit,membership,loyalty,insurance,organizer",source-current-term-conversion-copy,conversion-copy,"valid feature language, but card-scanner evidence is dominated by TCG, business-card, document, or identity-scanner intent. Apple Ads monthly max 64/100, weekly max 61/100; unmatched cells remain below-reporting-coverage; no popularity value is imputed for missing coverage.",2026-08-26,apple-ads/popularity-by-input.csv;apple-ads/popularity.normalized.json
scanner carte bancaire,FR_DE_GB_search_candidate,FR,iOS,FR_DE_GB_search_candidate=1,not-source-current-pending,null,null,null,null,null,null,US;GB;IN;CA;AU;DE;FR,2026-07-01..2026-07-31 UTC,US=below-reporting-coverage;GB=below-reporting-coverage;IN=below-reporting-coverage;CA=below-reporting-coverage;AU=below-reporting-coverage;DE=below-reporting-coverage;FR=below-reporting-coverage,null,null,null,null,null,null,2026-08-16..2026-08-22 UTC,US=below-reporting-coverage;GB=below-reporting-coverage;IN=below-reporting-coverage;CA=below-reporting-coverage;AU=below-reporting-coverage;DE=below-reporting-coverage;FR=below-reporting-coverage,null,null,null,null,null,null,FR intent=scanning/high; label=easy-demand-unknown,FR public supply=8; difficulty=33; barrier=0; Holder=unranked,Offline Card Vault: Holder,"secure,keychain,biometric,storage,keeper,wallet,credit,debit,membership,loyalty,insurance,organizer",not-in-proposed-pack,localized-test-after-native-review,"valid feature language, but card-scanner evidence is dominated by TCG, business-card, document, or identity-scanner intent. FR public supply=8; difficulty=33; barrier=0; Holder=unranked. Apple Ads monthly/weekly below-reporting-coverage across the queried countries; no popularity value is imputed for missing coverage.",2026-08-26,apple-ads/popularity-by-input.csv;apple-ads/popularity.normalized.json;europe/keyword-matrix.csv
secure,proposed_en-US_keyword_field,US,iOS,proposed_en-US_keyword_field=1,proposed-only-current-local,null,null,null,null,null,null,US;GB;IN;CA;AU;DE;FR,2026-07-01..2026-07-31 UTC,US=below-reporting-coverage;GB=below-reporting-coverage;IN=below-reporting-coverage;CA=below-reporting-coverage;AU=below-reporting-coverage;DE=below-reporting-coverage;FR=below-reporting-coverage,null,null,null,null,null,null,2026-08-16..2026-08-22 UTC,US=below-reporting-coverage;GB=below-reporting-coverage;IN=below-reporting-coverage;CA=below-reporting-coverage;AU=below-reporting-coverage;DE=below-reporting-coverage;FR=below-reporting-coverage,null,null,null,null,null,null,proposed en-US pack standalone token; privacy/security benefit language fits Holder; exact Apple Ads gap sweep returned no reportable row in all seven queried countries,null,Offline Card Vault: Holder,"secure,keychain,biometric,storage,keeper,wallet,credit,debit,membership,loyalty,insurance,organizer",in-proposed-pack,keyword-keep,"Proposed pack standalone token for privacy/security benefit language that fits Holder; exact Apple Ads gap sweep returned no reportable row in any of the seven queried countries, so popularity remains unknown. Keep as a keyword building block and do not treat below coverage as zero demand.",2026-08-26,apple-ads/gap-closure-secure-keychain-wallet.csv;apple-ads/gap-closure-secure-keychain-wallet.json;apple-ads/popularity-by-input.csv;apple-ads/popularity.normalized.json;apple-ads/query-gap-au-monthly.json;apple-ads/query-gap-au-weekly.json;apple-ads/query-gap-ca-monthly.json;apple-ads/query-gap-ca-weekly.json;apple-ads/query-gap-de-monthly.json;apple-ads/query-gap-de-weekly.json;apple-ads/query-gap-fr-monthly.json;apple-ads/query-gap-fr-weekly.json;apple-ads/query-gap-gb-monthly.json;apple-ads/query-gap-gb-weekly.json;apple-ads/query-gap-in-monthly.json;apple-ads/query-gap-in-weekly.json;apple-ads/query-gap-us-monthly.json;apple-ads/query-gap-us-weekly.json;apple-ads/raw-gap-au-monthly.json;apple-ads/raw-gap-au-weekly.json;apple-ads/raw-gap-ca-monthly.json;apple-ads/raw-gap-ca-weekly.json;apple-ads/raw-gap-de-monthly.json;apple-ads/raw-gap-de-weekly.json;apple-ads/raw-gap-fr-monthly.json;apple-ads/raw-gap-fr-weekly.json;apple-ads/raw-gap-gb-monthly.json;apple-ads/raw-gap-gb-weekly.json;apple-ads/raw-gap-in-monthly.json;apple-ads/raw-gap-in-weekly.json;apple-ads/raw-gap-us-monthly.json;apple-ads/raw-gap-us-weekly.json
secure card keeper,Kickstart,US,iOS,Kickstart=1,not-source-current-pending,US/iOS:88,US/iOS=#48,US/iOS=#44->#48 (dropped; 2026-08-01..2026-08-26),US/iOS=3/5,US/iOS=5/5,2026-08-01..2026-08-26,US;GB;IN;CA;AU;DE;FR,2026-07-01..2026-07-31 UTC,US=below-reporting-coverage;GB=below-reporting-coverage;IN=below-reporting-coverage;CA=below-reporting-coverage;AU=below-reporting-coverage;DE=below-reporting-coverage;FR=below-reporting-coverage,null,null,null,null,null,null,2026-08-16..2026-08-22 UTC,US=below-reporting-coverage;GB=below-reporting-coverage;IN=below-reporting-coverage;CA=below-reporting-coverage;AU=below-reporting-coverage;DE=below-reporting-coverage;FR=below-reporting-coverage,null,null,null,null,null,null,Kickstart US/iOS: Secure/offline card-vault intent; strong product fit,null,Offline Card Vault: Holder,"secure,keychain,biometric,storage,keeper,wallet,credit,debit,membership,loyalty,insurance,organizer",not-in-proposed-pack,monitor,retain as a tracked signal without changing the proposed pack; rank or adjacent intent is informative but not a demand measure. Apple Ads monthly/weekly below-reporting-coverage across the queried countries; no popularity value is imputed for missing coverage.,2026-08-26,apple-ads/popularity-by-input.csv;apple-ads/popularity.normalized.json;kickstart/holder_keywords.json
secure card scanner,Kickstart,US,iOS,Kickstart=1,not-source-current-pending,US/iOS:89,US/iOS=unranked,US/iOS=no rank history,US/iOS=4/5,US/iOS=5/5,null,US;GB;IN;CA;AU;DE;FR,2026-07-01..2026-07-31 UTC,US=below-reporting-coverage;GB=below-reporting-coverage;IN=below-reporting-coverage;CA=below-reporting-coverage;AU=below-reporting-coverage;DE=below-reporting-coverage;FR=below-reporting-coverage,null,null,null,null,null,null,2026-08-16..2026-08-22 UTC,US=below-reporting-coverage;GB=below-reporting-coverage;IN=below-reporting-coverage;CA=below-reporting-coverage;AU=below-reporting-coverage;DE=below-reporting-coverage;FR=below-reporting-coverage,null,null,null,null,null,null,Kickstart US/iOS: Card scanning intent; aligned with Holder's on-device scanner,null,Offline Card Vault: Holder,"secure,keychain,biometric,storage,keeper,wallet,credit,debit,membership,loyalty,insurance,organizer",not-in-proposed-pack,conversion-copy,"valid feature language, but card-scanner evidence is dominated by TCG, business-card, document, or identity-scanner intent. Apple Ads monthly/weekly below-reporting-coverage across the queried countries; no popularity value is imputed for missing coverage.",2026-08-26,apple-ads/popularity-by-input.csv;apple-ads/popularity.normalized.json;kickstart/holder_keywords.json
secure card storage,US_search_candidate;FR_DE_GB_search_candidate,US;GB,iOS,US_search_candidate=1;FR_DE_GB_search_candidate=1,not-source-current-pending,null,null,null,null,null,null,US;GB;IN;CA;AU;DE;FR,2026-07-01..2026-07-31 UTC,US=below-reporting-coverage;GB=below-reporting-coverage;IN=below-reporting-coverage;CA=below-reporting-coverage;AU=below-reporting-coverage;DE=below-reporting-coverage;FR=below-reporting-coverage,null,null,null,null,null,null,2026-08-16..2026-08-22 UTC,US=below-reporting-coverage;GB=below-reporting-coverage;IN=below-reporting-coverage;CA=below-reporting-coverage;AU=below-reporting-coverage;DE=below-reporting-coverage;FR=below-reporting-coverage,null,null,null,null,null,null,GB intent=privacy/offline/high; label=defend;US search=privacy_offline/high; role=direct,GB public supply=167; difficulty=42; barrier=52; Holder=82;US public supply=45; Holder=#31,Offline Card Vault: Holder,"secure,keychain,biometric,storage,keeper,wallet,credit,debit,membership,loyalty,insurance,organizer",not-in-proposed-pack,monitor,retain as a tracked signal without changing the proposed pack; rank or adjacent intent is informative but not a demand measure. US public supply=45; Holder=#31. Apple Ads monthly/weekly below-reporting-coverage across the queried countries; no popularity value is imputed for missing coverage.,2026-08-26,apple-ads/popularity-by-input.csv;apple-ads/popularity.normalized.json;europe/keyword-matrix.csv;us/query-matrix.json
secure card vault,Kickstart,US,iOS,Kickstart=1,not-source-current-pending,US/iOS:90,US/iOS=#4,US/iOS=#3->#4 (dropped; 2026-08-01..2026-08-26),US/iOS=3/5,US/iOS=4/5,2026-08-01..2026-08-26,US;GB;IN;CA;AU;DE;FR,2026-07-01..2026-07-31 UTC,US=below-reporting-coverage;GB=below-reporting-coverage;IN=below-reporting-coverage;CA=below-reporting-coverage;AU=below-reporting-coverage;DE=below-reporting-coverage;FR=below-reporting-coverage,null,null,null,null,null,null,2026-08-16..2026-08-22 UTC,US=below-reporting-coverage;GB=below-reporting-coverage;IN=below-reporting-coverage;CA=below-reporting-coverage;AU=below-reporting-coverage;DE=below-reporting-coverage;FR=below-reporting-coverage,null,null,null,null,null,null,Kickstart US/iOS: Secure/offline card-vault intent; strong product fit,null,Offline Card Vault: Holder,"secure,keychain,biometric,storage,keeper,wallet,credit,debit,membership,loyalty,insurance,organizer",not-in-proposed-pack,monitor,retain as a tracked signal without changing the proposed pack; rank or adjacent intent is informative but not a demand measure. Apple Ads monthly/weekly below-reporting-coverage across the queried countries; no popularity value is imputed for missing coverage.,2026-08-26,apple-ads/popularity-by-input.csv;apple-ads/popularity.normalized.json;kickstart/holder_keywords.json
secure card wallet,US_search_candidate,US,iOS,US_search_candidate=1,not-source-current-pending,null,null,null,null,null,null,US;GB;IN;CA;AU;DE;FR,2026-07-01..2026-07-31 UTC,US=below-reporting-coverage;GB=below-reporting-coverage;IN=below-reporting-coverage;CA=below-reporting-coverage;AU=below-reporting-coverage;DE=below-reporting-coverage;FR=below-reporting-coverage,null,null,null,null,null,null,2026-08-16..2026-08-22 UTC,US=below-reporting-coverage;GB=below-reporting-coverage;IN=below-reporting-coverage;CA=below-reporting-coverage;AU=below-reporting-coverage;DE=below-reporting-coverage;FR=below-reporting-coverage,null,null,null,null,null,null,US search=privacy_offline/high; role=direct,US public supply=47; Holder=unranked,Offline Card Vault: Holder,"secure,keychain,biometric,storage,keeper,wallet,credit,debit,membership,loyalty,insurance,organizer",not-in-proposed-pack,keyword-test,"plausible future discovery candidate with product fit, but current evidence is not enough to add it to the full 99-byte pack. US public supply=47; Holder=unranked. Apple Ads monthly/weekly below-reporting-coverage across the queried countries; no popularity value is imputed for missing coverage.",2026-08-26,apple-ads/popularity-by-input.csv;apple-ads/popularity.normalized.json;us/query-matrix.json
secure keychain wallet,Kickstart;IN_CA_AU_search_candidate,US;IN;CA;AU,iOS,Kickstart=1;IN_CA_AU_search_candidate=3,not-source-current-pending,US/iOS:91,US/iOS=#178,US/iOS=#176->#178 (dropped; 2026-08-01..2026-08-26),US/iOS=4/5,US/iOS=5/5,2026-08-01..2026-08-26,US;GB;IN;CA;AU;DE;FR,2026-07-01..2026-07-31 UTC,US=below-reporting-coverage;GB=below-reporting-coverage;IN=below-reporting-coverage;CA=below-reporting-coverage;AU=below-reporting-coverage;DE=below-reporting-coverage;FR=below-reporting-coverage,null,null,null,null,null,null,2026-08-16..2026-08-22 UTC,US=below-reporting-coverage;GB=below-reporting-coverage;IN=below-reporting-coverage;CA=below-reporting-coverage;AU=below-reporting-coverage;DE=below-reporting-coverage;FR=below-reporting-coverage,null,null,null,null,null,null,"AU intent=Feature and copy fit, but crypto-wallet and Apple Wallet intent dominates; label=Conversion copy;CA intent=Feature and copy fit, but crypto-wallet and Apple Wallet intent dominates; label=Conversion copy;IN intent=Feature and copy fit, but the result set is sparse and wallet/password intent is mixed; label=Defend;Kickstart US/iOS: Secure/offline card-vault intent; strong product fit",AU public supply=184; public_pos=unranked; difficulty=60; barrier=34; Holder=not ranked;CA public supply=181; public_pos=unranked; difficulty=57; barrier=16; Holder=not ranked;IN public supply=15; public_pos=3; difficulty=21; barrier=0; Holder=#3,Offline Card Vault: Holder,"secure,keychain,biometric,storage,keeper,wallet,credit,debit,membership,loyalty,insurance,organizer",not-in-proposed-pack,conversion-copy,wallet wording is mixed with crypto and Apple Wallet intent; use the privacy proof in conversion copy. IN public supply=15; public_pos=3; difficulty=21; barrier=0; Holder=#3. Apple Ads monthly/weekly below-reporting-coverage across the queried countries; no popularity value is imputed for missing coverage.,2026-08-26,anglo-india/raw-query-matrix.csv;apple-ads/popularity-by-input.csv;apple-ads/popularity.normalized.json;kickstart/holder_keywords.json
secure notes card,US_search_candidate,US,iOS,US_search_candidate=1,not-source-current-pending,null,null,null,null,null,null,US;GB;IN;CA;AU;DE;FR,2026-07-01..2026-07-31 UTC,US=below-reporting-coverage;GB=below-reporting-coverage;IN=below-reporting-coverage;CA=below-reporting-coverage;AU=below-reporting-coverage;DE=below-reporting-coverage;FR=below-reporting-coverage,null,null,null,null,null,null,2026-08-16..2026-08-22 UTC,US=below-reporting-coverage;GB=below-reporting-coverage;IN=below-reporting-coverage;CA=below-reporting-coverage;AU=below-reporting-coverage;DE=below-reporting-coverage;FR=below-reporting-coverage,null,null,null,null,null,null,US search=biometric_vault/medium; role=adjacent,US public supply=48; Holder=unranked,Offline Card Vault: Holder,"secure,keychain,biometric,storage,keeper,wallet,credit,debit,membership,loyalty,insurance,organizer",not-in-proposed-pack,reject,not a fit for current discovery targeting based on the observed intent mix. US public supply=48; Holder=unranked. Apple Ads monthly/weekly below-reporting-coverage across the queried countries; no popularity value is imputed for missing coverage.,2026-08-26,apple-ads/popularity-by-input.csv;apple-ads/popularity.normalized.json;us/query-matrix.json
secure vault cards,US_search_candidate,US,iOS,US_search_candidate=1,not-source-current-pending,null,null,null,null,null,null,US;GB;IN;CA;AU;DE;FR,2026-07-01..2026-07-31 UTC,US=below-reporting-coverage;GB=below-reporting-coverage;IN=below-reporting-coverage;CA=below-reporting-coverage;AU=below-reporting-coverage;DE=below-reporting-coverage;FR=below-reporting-coverage,null,null,null,null,null,null,2026-08-16..2026-08-22 UTC,US=below-reporting-coverage;GB=below-reporting-coverage;IN=below-reporting-coverage;CA=below-reporting-coverage;AU=below-reporting-coverage;DE=below-reporting-coverage;FR=below-reporting-coverage,null,null,null,null,null,null,US search=biometric_vault/high; role=direct,US public supply=45; Holder=#12,Offline Card Vault: Holder,"secure,keychain,biometric,storage,keeper,wallet,credit,debit,membership,loyalty,insurance,organizer",not-in-proposed-pack,keyword-test,"plausible future discovery candidate with product fit, but current evidence is not enough to add it to the full 99-byte pack. US public supply=45; Holder=#12. Apple Ads monthly/weekly below-reporting-coverage across the queried countries; no popularity value is imputed for missing coverage.",2026-08-26,apple-ads/popularity-by-input.csv;apple-ads/popularity.normalized.json;us/query-matrix.json
securewallet,Kickstart,US;IN,iOS;macOS,Kickstart=3,not-source-current-pending,US/iOS:93;US/macOS:94;IN/iOS:92,US/iOS=unranked;US/macOS=#9;IN/iOS=unranked,US/iOS=no rank history;US/macOS=#9->#9 (unchanged; 2026-07-30..2026-08-26);IN/iOS=#131->unranked (dropped_out; 2026-07-30..2026-08-26),US/iOS=4/5;US/macOS=2/5;IN/iOS=3/5,US/iOS=5/5;US/macOS=3/5;IN/iOS=4/5,2026-07-30..2026-08-26,US;GB;IN;CA;AU;DE;FR,2026-07-01..2026-07-31 UTC,US=below-reporting-coverage;GB=below-reporting-coverage;IN=below-reporting-coverage;CA=below-reporting-coverage;AU=below-reporting-coverage;DE=below-reporting-coverage;FR=below-reporting-coverage,null,null,null,null,null,null,2026-08-16..2026-08-22 UTC,US=below-reporting-coverage;GB=below-reporting-coverage;IN=below-reporting-coverage;CA=below-reporting-coverage;AU=below-reporting-coverage;DE=below-reporting-coverage;FR=below-reporting-coverage,null,null,null,null,null,null,Kickstart IN/iOS: Secure/offline card-vault intent; strong product fit;Kickstart US/iOS: Secure/offline card-vault intent; strong product fit;Kickstart US/macOS: Secure/offline card-vault intent; strong product fit,null,Offline Card Vault: Holder,"secure,keychain,biometric,storage,keeper,wallet,credit,debit,membership,loyalty,insurance,organizer",not-in-proposed-pack,conversion-copy,wallet wording is mixed with crypto and Apple Wallet intent; use the privacy proof in conversion copy. Apple Ads monthly/weekly below-reporting-coverage across the queried countries; no popularity value is imputed for missing coverage.,2026-08-26,apple-ads/popularity-by-input.csv;apple-ads/popularity.normalized.json;kickstart/holder_keywords.json
stockage carte de crédit,FR_DE_GB_search_candidate,FR,iOS,FR_DE_GB_search_candidate=1,not-source-current-pending,null,null,null,null,null,null,US;GB;IN;CA;AU;DE;FR,2026-07-01..2026-07-31 UTC,US=below-reporting-coverage;GB=below-reporting-coverage;IN=below-reporting-coverage;CA=below-reporting-coverage;AU=below-reporting-coverage;DE=below-reporting-coverage;FR=below-reporting-coverage,null,null,null,null,null,null,2026-08-16..2026-08-22 UTC,US=below-reporting-coverage;GB=below-reporting-coverage;IN=below-reporting-coverage;CA=below-reporting-coverage;AU=below-reporting-coverage;DE=below-reporting-coverage;FR=below-reporting-coverage,null,null,null,null,null,null,FR intent=credit/debit/high; label=easy-demand-unknown,FR public supply=4; difficulty=32; barrier=0; Holder=unranked,Offline Card Vault: Holder,"secure,keychain,biometric,storage,keeper,wallet,credit,debit,membership,loyalty,insurance,organizer",not-in-proposed-pack,localized-test-after-native-review,"relevant localized storage or card workflow candidate, but the machine-assisted phrasing needs native review and sparse supply is not demand. FR public supply=4; difficulty=32; barrier=0; Holder=unranked. Apple Ads monthly/weekly below-reporting-coverage across the queried countries; no popularity value is imputed for missing coverage.",2026-08-26,apple-ads/popularity-by-input.csv;apple-ads/popularity.normalized.json;europe/keyword-matrix.csv
storage,current_pending_en-US;Kickstart,US,iOS,current_pending_en-US=1;Kickstart=1,source-current-pending-en-US,US/iOS:95,US/iOS=unranked,US/iOS=no rank history,US/iOS=5/5,US/iOS=5/5,null,US;GB;IN;CA;AU;DE;FR,2026-07-01..2026-07-31 UTC,US=below-reporting-coverage;GB=below-reporting-coverage;IN=below-reporting-coverage;CA=below-reporting-coverage;AU=below-reporting-coverage;DE=below-reporting-coverage;FR=below-reporting-coverage,null,null,null,null,null,null,2026-08-16..2026-08-22 UTC,US=below-reporting-coverage;GB=below-reporting-coverage;IN=below-reporting-coverage;CA=below-reporting-coverage;AU=below-reporting-coverage;DE=below-reporting-coverage;FR=below-reporting-coverage,null,null,null,null,null,null,Kickstart US/iOS: Broad or ambiguous single-term intent;source current pending en-US keyword field,null,Offline Card Vault: Holder,"secure,keychain,biometric,storage,keeper,wallet,credit,debit,membership,loyalty,insurance,organizer",in-proposed-pack,keyword-keep,fits the proposed token pack and Holder’s supported card-storage story; missing popularity is not zero demand. Apple Ads monthly/weekly below-reporting-coverage across the queried countries; no popularity value is imputed for missing coverage.,2026-08-26,apple-ads/popularity-by-input.csv;apple-ads/popularity.normalized.json;kickstart/holder_keywords.json
store cards wallet,US_search_candidate,US,iOS,US_search_candidate=1,not-source-current-pending,null,null,null,null,null,null,US;GB;IN;CA;AU;DE;FR,2026-07-01..2026-07-31 UTC,US=below-reporting-coverage;GB=below-reporting-coverage;IN=below-reporting-coverage;CA=below-reporting-coverage;AU=below-reporting-coverage;DE=below-reporting-coverage;FR=below-reporting-coverage,null,null,null,null,null,null,2026-08-16..2026-08-22 UTC,US=below-reporting-coverage;GB=below-reporting-coverage;IN=below-reporting-coverage;CA=below-reporting-coverage;AU=below-reporting-coverage;DE=below-reporting-coverage;FR=below-reporting-coverage,null,null,null,null,null,null,US search=id_membership_loyalty/medium; role=adjacent,US public supply=49; Holder=unranked,Offline Card Vault: Holder,"secure,keychain,biometric,storage,keeper,wallet,credit,debit,membership,loyalty,insurance,organizer",not-in-proposed-pack,monitor,retain as a tracked signal without changing the proposed pack; rank or adjacent intent is informative but not a demand measure. US public supply=49; Holder=unranked. Apple Ads monthly/weekly below-reporting-coverage across the queried countries; no popularity value is imputed for missing coverage.,2026-08-26,apple-ads/popularity-by-input.csv;apple-ads/popularity.normalized.json;us/query-matrix.json
store credit cards,US_search_candidate,US,iOS,US_search_candidate=1,not-source-current-pending,null,null,null,null,null,null,US;GB;IN;CA;AU;DE;FR,2026-07-01..2026-07-31 UTC,US=below-reporting-coverage;GB=below-reporting-coverage;IN=below-reporting-coverage;CA=below-reporting-coverage;AU=below-reporting-coverage;DE=below-reporting-coverage;FR=below-reporting-coverage,null,null,null,null,null,null,2026-08-16..2026-08-22 UTC,US=below-reporting-coverage;GB=below-reporting-coverage;IN=below-reporting-coverage;CA=below-reporting-coverage;AU=below-reporting-coverage;DE=below-reporting-coverage;FR=below-reporting-coverage,null,null,null,null,null,null,US search=core_job/high; role=direct,US public supply=47; Holder=unranked,Offline Card Vault: Holder,"secure,keychain,biometric,storage,keeper,wallet,credit,debit,membership,loyalty,insurance,organizer",not-in-proposed-pack,keyword-test,"plausible future discovery candidate with product fit, but current evidence is not enough to add it to the full 99-byte pack. US public supply=47; Holder=unranked. Apple Ads monthly/weekly below-reporting-coverage across the queried countries; no popularity value is imputed for missing coverage.",2026-08-26,apple-ads/popularity-by-input.csv;apple-ads/popularity.normalized.json;us/query-matrix.json
touch id card vault,Kickstart,US,iOS,Kickstart=1,not-source-current-pending,US/iOS:96,US/iOS=#7,US/iOS=#7->#7 (unchanged; 2026-08-01..2026-08-26),US/iOS=3/5,US/iOS=3/5,2026-08-01..2026-08-26,US;GB;IN;CA;AU;DE;FR,2026-07-01..2026-07-31 UTC,US=below-reporting-coverage;GB=below-reporting-coverage;IN=below-reporting-coverage;CA=below-reporting-coverage;AU=below-reporting-coverage;DE=below-reporting-coverage;FR=below-reporting-coverage,null,null,null,null,null,null,2026-08-16..2026-08-22 UTC,US=below-reporting-coverage;GB=below-reporting-coverage;IN=below-reporting-coverage;CA=below-reporting-coverage;AU=below-reporting-coverage;DE=below-reporting-coverage;FR=below-reporting-coverage,null,null,null,null,null,null,Kickstart US/iOS: Card/document-type storage intent; adjacent to core vault,null,Offline Card Vault: Holder,"secure,keychain,biometric,storage,keeper,wallet,credit,debit,membership,loyalty,insurance,organizer",not-in-proposed-pack,conversion-copy,"useful benefit or feature language for screenshots, promotional text, or description rather than a primary discovery target. Apple Ads monthly/weekly below-reporting-coverage across the queried countries; no popularity value is imputed for missing coverage.",2026-08-26,apple-ads/popularity-by-input.csv;apple-ads/popularity.normalized.json;kickstart/holder_keywords.json
touchid,Kickstart,US,iOS,Kickstart=1,not-source-current-pending,US/iOS:97,US/iOS=unranked,US/iOS=no rank history,US/iOS=4/5,US/iOS=4/5,null,US;GB;IN;CA;AU;DE;FR,2026-07-01..2026-07-31 UTC,US=below-reporting-coverage;GB=below-reporting-coverage;IN=below-reporting-coverage;CA=below-reporting-coverage;AU=below-reporting-coverage;DE=below-reporting-coverage;FR=below-reporting-coverage,null,null,null,null,null,null,2026-08-16..2026-08-22 UTC,US=below-reporting-coverage;GB=below-reporting-coverage;IN=below-reporting-coverage;CA=below-reporting-coverage;AU=below-reporting-coverage;DE=below-reporting-coverage;FR=below-reporting-coverage,null,null,null,null,null,null,Kickstart US/iOS: Broad or ambiguous single-term intent,null,Offline Card Vault: Holder,"secure,keychain,biometric,storage,keeper,wallet,credit,debit,membership,loyalty,insurance,organizer",not-in-proposed-pack,conversion-copy,"valid feature language, but card-scanner evidence is dominated by TCG, business-card, document, or identity-scanner intent. Apple Ads monthly/weekly below-reporting-coverage across the queried countries; no popularity value is imputed for missing coverage.",2026-08-26,apple-ads/popularity-by-input.csv;apple-ads/popularity.normalized.json;kickstart/holder_keywords.json
wallet,proposed_en-US_keyword_field,US,iOS,proposed_en-US_keyword_field=1,proposed-only-current-local,null,null,null,null,null,null,US;GB;IN;CA;AU;DE;FR,2026-07-01..2026-07-31 UTC,US=matched;GB=matched;IN=matched;CA=matched;AU=matched;DE=matched;FR=matched,73,4,US,FINANCE,FINANCE;PRODUCTIVITY_UTILITIES,US=73/4/FINANCE#21;GB=70/4/FINANCE#25;IN=61/4/FINANCE#159;CA=69/4/PRODUCTIVITY_UTILITIES#42;AU=68/4/PRODUCTIVITY_UTILITIES#72;DE=71/4/PRODUCTIVITY_UTILITIES#43;FR=68/4/FINANCE#36,2026-08-16..2026-08-22 UTC,US=matched;GB=matched;IN=matched;CA=matched;AU=matched;DE=matched;FR=matched,70,4,US,FINANCE,FINANCE;PRODUCTIVITY_UTILITIES,US=70/4/FINANCE#29;GB=67/4/FINANCE#25;IN=58/3/FINANCE#137;CA=66/4/PRODUCTIVITY_UTILITIES#44;AU=64/4/PRODUCTIVITY_UTILITIES#64;DE=69/4/PRODUCTIVITY_UTILITIES#43;FR=65/4/FINANCE#32,proposed en-US pack standalone token; familiar card-storage discovery language fits Holder but broad wallet intent is mixed; exact Apple Ads gap sweep returned a row in all seven queried countries,null,Offline Card Vault: Holder,"secure,keychain,biometric,storage,keeper,wallet,credit,debit,membership,loyalty,insurance,organizer",in-proposed-pack,keyword-keep,"Proposed pack standalone token with familiar card-storage wording and strong observed Apple Ads coverage, but broad wallet intent is ambiguous across Finance and Productivity/Utilities. Keep as a keyword building block and rely on the title context Offline Card Vault: Holder to disambiguate Holder from payment and utility wallets.",2026-08-26,apple-ads/gap-closure-secure-keychain-wallet.csv;apple-ads/gap-closure-secure-keychain-wallet.json;apple-ads/popularity-by-input.csv;apple-ads/popularity.normalized.json;apple-ads/query-gap-au-monthly.json;apple-ads/query-gap-au-weekly.json;apple-ads/query-gap-ca-monthly.json;apple-ads/query-gap-ca-weekly.json;apple-ads/query-gap-de-monthly.json;apple-ads/query-gap-de-weekly.json;apple-ads/query-gap-fr-monthly.json;apple-ads/query-gap-fr-weekly.json;apple-ads/query-gap-gb-monthly.json;apple-ads/query-gap-gb-weekly.json;apple-ads/query-gap-in-monthly.json;apple-ads/query-gap-in-weekly.json;apple-ads/query-gap-us-monthly.json;apple-ads/query-gap-us-weekly.json;apple-ads/raw-gap-au-monthly.json;apple-ads/raw-gap-au-weekly.json;apple-ads/raw-gap-ca-monthly.json;apple-ads/raw-gap-ca-weekly.json;apple-ads/raw-gap-de-monthly.json;apple-ads/raw-gap-de-weekly.json;apple-ads/raw-gap-fr-monthly.json;apple-ads/raw-gap-fr-weekly.json;apple-ads/raw-gap-gb-monthly.json;apple-ads/raw-gap-gb-weekly.json;apple-ads/raw-gap-in-monthly.json;apple-ads/raw-gap-in-weekly.json;apple-ads/raw-gap-us-monthly.json;apple-ads/raw-gap-us-weekly.json
wallet app,US_search_candidate,US,iOS,US_search_candidate=1,not-source-current-pending,null,null,null,null,null,null,US;GB;IN;CA;AU;DE;FR,2026-07-01..2026-07-31 UTC,US=below-reporting-coverage;GB=below-reporting-coverage;IN=below-reporting-coverage;CA=below-reporting-coverage;AU=below-reporting-coverage;DE=below-reporting-coverage;FR=below-reporting-coverage,null,null,null,null,null,null,2026-08-16..2026-08-22 UTC,US=below-reporting-coverage;GB=below-reporting-coverage;IN=below-reporting-coverage;CA=below-reporting-coverage;AU=below-reporting-coverage;DE=below-reporting-coverage;FR=below-reporting-coverage,null,null,null,null,null,null,US search=broad_category/medium; role=broad,US public supply=48; Holder=unranked,Offline Card Vault: Holder,"secure,keychain,biometric,storage,keeper,wallet,credit,debit,membership,loyalty,insurance,organizer",not-in-proposed-pack,reject,"broad password-manager, finance, or wallet discovery is not Holder’s focused card-vault job. US public supply=48; Holder=unranked. Apple Ads monthly/weekly below-reporting-coverage across the queried countries; no popularity value is imputed for missing coverage.",2026-08-26,apple-ads/popularity-by-input.csv;apple-ads/popularity.normalized.json;us/query-matrix.json
wallet cards,US_search_candidate,US,iOS,US_search_candidate=1,not-source-current-pending,null,null,null,null,null,null,US;GB;IN;CA;AU;DE;FR,2026-07-01..2026-07-31 UTC,US=below-reporting-coverage;GB=below-reporting-coverage;IN=below-reporting-coverage;CA=below-reporting-coverage;AU=below-reporting-coverage;DE=below-reporting-coverage;FR=below-reporting-coverage,null,null,null,null,null,null,2026-08-16..2026-08-22 UTC,US=below-reporting-coverage;GB=below-reporting-coverage;IN=below-reporting-coverage;CA=below-reporting-coverage;AU=below-reporting-coverage;DE=below-reporting-coverage;FR=below-reporting-coverage,null,null,null,null,null,null,US search=broad_category/high; role=broad,US public supply=46; Holder=unranked,Offline Card Vault: Holder,"secure,keychain,biometric,storage,keeper,wallet,credit,debit,membership,loyalty,insurance,organizer",not-in-proposed-pack,reject,"broad password-manager, finance, or wallet discovery is not Holder’s focused card-vault job. US public supply=46; Holder=unranked. Apple Ads monthly/weekly below-reporting-coverage across the queried countries; no popularity value is imputed for missing coverage.",2026-08-26,apple-ads/popularity-by-input.csv;apple-ads/popularity.normalized.json;us/query-matrix.json
wallet for card numbers,US_search_candidate,US,iOS,US_search_candidate=1,not-source-current-pending,null,null,null,null,null,null,US;GB;IN;CA;AU;DE;FR,2026-07-01..2026-07-31 UTC,US=below-reporting-coverage;GB=below-reporting-coverage;IN=below-reporting-coverage;CA=below-reporting-coverage;AU=below-reporting-coverage;DE=below-reporting-coverage;FR=below-reporting-coverage,null,null,null,null,null,null,2026-08-16..2026-08-22 UTC,US=below-reporting-coverage;GB=below-reporting-coverage;IN=below-reporting-coverage;CA=below-reporting-coverage;AU=below-reporting-coverage;DE=below-reporting-coverage;FR=below-reporting-coverage,null,null,null,null,null,null,US search=compound/high; role=direct,US public supply=46; Holder=unranked,Offline Card Vault: Holder,"secure,keychain,biometric,storage,keeper,wallet,credit,debit,membership,loyalty,insurance,organizer",not-in-proposed-pack,keyword-test,"plausible future discovery candidate with product fit, but current evidence is not enough to add it to the full 99-byte pack. US public supply=46; Holder=unranked. Apple Ads monthly/weekly below-reporting-coverage across the queried countries; no popularity value is imputed for missing coverage.",2026-08-26,apple-ads/popularity-by-input.csv;apple-ads/popularity.normalized.json;us/query-matrix.json
